<?xml version='1.0' encoding='UTF-8' standalone='no'?>
<doxygen xmlns:xsi="http://www.w3.org/2001/XMLSchema-instance" xsi:noNamespaceSchemaLocation="compound.xsd" version="1.8.15">
  <compounddef id="_r_e_a_d_m_e__20829_8md" kind="file" language="Markdown">
    <compoundname>README_20829.md</compoundname>
    <briefdescription>
    </briefdescription>
    <detaileddescription>
    </detaileddescription>
    <programlisting>
<codeline><highlight class="normal">#AIROC™<sp/>BT<sp/>STack<sp/>porting<sp/>layer<sp/>for<sp/>CYW20829</highlight></codeline>
<codeline></codeline>
<codeline><highlight class="normal">##<sp/>Overview</highlight></codeline>
<codeline><highlight class="normal">The<sp/>bluetooth-20829<sp/>is<sp/>the<sp/>adaptation<sp/>layer<sp/>(porting<sp/>layer)<sp/>between<sp/>AIROC™<sp/>BT<sp/>STack<sp/>and<sp/></highlight></codeline>
<codeline><highlight class="normal">Cypress<sp/>Abstraction<sp/>Layers<sp/>(CYHAL<sp/>and<sp/>CYOSAL)<sp/>for<sp/>CYW20829<sp/>BLE<sp/>platform<sp/>where<sp/>the<sp/>application<sp/>and<sp/>host<sp/>stack<sp/>are<sp/>running<sp/>on<sp/>the<sp/>one<sp/>CM33<sp/>core<sp/>of<sp/>CYW20829<sp/>and<sp/>BLE<sp/>controller<sp/>firmware<sp/>is<sp/>running<sp/>on<sp/>another<sp/>CM33<sp/>core<sp/>of<sp/>CYW20829.</highlight></codeline>
<codeline><highlight class="normal">The<sp/>porting<sp/>layer<sp/>implements<sp/>routines<sp/>to<sp/>provide<sp/>OS<sp/>and<sp/>memory<sp/>services<sp/>from<sp/>platform<sp/>and<sp/>facilitates<sp/>communication<sp/>with<sp/>controller<sp/>over<sp/>BT-IPC.</highlight></codeline>
<codeline></codeline>
<codeline><highlight class="normal">##<sp/>Platform<sp/>HCI<sp/>transport<sp/>config</highlight></codeline>
<codeline><highlight class="normal">Application<sp/>shall<sp/>call<sp/>**cybt_platform_config_init(<sp/>)**<sp/>API<sp/>to<sp/>initialize<sp/>the<sp/>porting<sp/>layer<sp/>before<sp/>calling<sp/>any<sp/>stack<sp/>API.</highlight></codeline>
<codeline><highlight class="normal">IPC<sp/>hardware<sp/>is<sp/>used<sp/>to<sp/>communicate<sp/>with<sp/>the<sp/>controller<sp/>running<sp/>on<sp/>CM33<sp/>processor,<sp/>hence<sp/>the<sp/>member<sp/>variable<sp/>hci_config.hci_transport<sp/>of<sp/>input<sp/>argument<sp/>cybt_platform_config_t<sp/>shall<sp/>be<sp/>set<sp/>to<sp/>CYBT_HCI_IPC.</highlight></codeline>
<codeline><highlight class="normal">Other<sp/>parameters<sp/>are<sp/>ignored<sp/>by<sp/>the<sp/>porting<sp/>layer.</highlight></codeline>
<codeline></codeline>
<codeline><highlight class="normal">Please<sp/>refer<sp/>to<sp/>cybt_platform_config.h<sp/></highlight></codeline>
<codeline></codeline>
<codeline><highlight class="normal">*<sp/><sp/>structure<sp/>**cybt_platform_config_t**</highlight></codeline>
<codeline><highlight class="normal">*<sp/><sp/>API<sp/>**cybt_platform_config_init(<sp/>)**</highlight></codeline>
<codeline></codeline>
<codeline><highlight class="normal">##<sp/>Debug<sp/>uart<sp/>configuration</highlight></codeline>
<codeline><highlight class="normal">The<sp/>UART<sp/>on<sp/>CYW20829<sp/>can<sp/>be<sp/>configured<sp/>for<sp/>capturing<sp/>application<sp/>and<sp/>HCI<sp/>traces<sp/>by<sp/>calling<sp/>**cybt_debug_uart_init()**<sp/>with<sp/>appropriate<sp/>configuration<sp/>in<sp/>**cybt_debug_uart_config_t**.</highlight></codeline>
<codeline><highlight class="normal">Passing<sp/>a<sp/>valid<sp/>function<sp/>pointer<sp/>to<sp/>cybt_debug_uart_data_handler_t<sp/>allows<sp/>application<sp/>to<sp/>handle<sp/>any<sp/>data<sp/>received<sp/>over<sp/>UART.<sp/>However,<sp/>it<sp/>can<sp/>be<sp/>set<sp/>to<sp/>NULL<sp/>if<sp/>the<sp/>application<sp/>is<sp/>not<sp/>required<sp/>to<sp/>handle<sp/>any<sp/>data.</highlight></codeline>
<codeline><highlight class="normal">Please<sp/>refer<sp/>to<sp/>cybt_debug_uart.h.</highlight></codeline>
<codeline></codeline>
<codeline><highlight class="normal">*<sp/><sp/>structure<sp/>**cybt_debug_uart_config_t**</highlight></codeline>
<codeline><highlight class="normal">*<sp/><sp/>API<sp/>**cybt_debug_uart_init(<sp/>)**</highlight></codeline>
<codeline></codeline>
<codeline><highlight class="normal">##<sp/>Design<sp/></highlight></codeline>
<codeline><highlight class="normal">*<sp/>To<sp/>initialize<sp/>the<sp/>IPC<sp/>hardware,<sp/>porting<sp/>layer<sp/>calls<sp/>Cy_BTIPC_Init<sp/>API<sp/>and<sp/>to<sp/>reset<sp/>the<sp/>BLE<sp/>controller<sp/>the<sp/>Porting<sp/>layer<sp/>will<sp/>assert<sp/>and<sp/>desserts<sp/>the<sp/>reset<sp/>bit<sp/>in<sp/>the<sp/>group<sp/>3<sp/>IP(BTSS)<sp/>slave<sp/>control<sp/>register<sp/>by<sp/>using<sp/>Cy_SysClk_PeriGroupSetSlaveCtl<sp/>API.</highlight></codeline>
<codeline><highlight class="normal">*<sp/>Porting<sp/>layer<sp/>receives<sp/>HCI<sp/>events<sp/>and<sp/>Command<sp/>complete<sp/>events<sp/>from<sp/>BLE<sp/>controller<sp/>module<sp/>in<sp/>IPC<sp/>buffers<sp/>via<sp/>the<sp/>BT-IPC<sp/>driver.</highlight></codeline>
<codeline><highlight class="normal">*<sp/>All<sp/>received<sp/>events<sp/>from<sp/>BLE<sp/>controller<sp/>are<sp/>enqueued<sp/>in<sp/>bt_task_queue.<sp/>This<sp/>queue<sp/>is<sp/>read<sp/>from<sp/>bt_task<sp/>and<sp/>the<sp/>event<sp/>is<sp/>conveyed<sp/>to<sp/>BTSTACK<sp/>for<sp/>further<sp/>processing.<sp/>The<sp/>data<sp/>received<sp/>from<sp/>controller<sp/>in<sp/>the<sp/>shared<sp/>buffer<sp/>is<sp/>copied<sp/>into<sp/>a<sp/>porting<sp/>layer<sp/>static<sp/>buffer<sp/>for<sp/>processing<sp/>and<sp/>the<sp/>shared<sp/>buffer<sp/>is<sp/>freed<sp/>by<sp/>calling<sp/>Cy_BTIPC_HCI_RelBuffer<sp/><sp/>API.</highlight></codeline>
<codeline><highlight class="normal">*<sp/>Porting<sp/>layer<sp/>sends<sp/>hci<sp/>commands<sp/>and<sp/>data<sp/>to<sp/>BLE<sp/>controller<sp/>by<sp/>getting<sp/>IPC<sp/>shared<sp/>buffer<sp/>using<sp/>Cy_BTIPC_HCI_GetWriteBufPtr<sp/>API<sp/>and<sp/>then<sp/>calling<sp/>Cy_BTIPC_HCI_Write<sp/>API<sp/>to<sp/>send<sp/>the<sp/>data.</highlight></codeline>
<codeline></codeline>
<codeline></codeline>
<codeline><highlight class="normal">##<sp/>API<sp/>Reference<sp/>Manual</highlight></codeline>
<codeline><highlight class="normal"><sp/>-<sp/>[Bluetooth<sp/>platform<sp/>API<sp/>manual](https://cypresssemiconductorco.github.io/bluetooth-mbed/api_reference_manual/html/index.html)</highlight></codeline>
<codeline><highlight class="normal"><sp/>-<sp/>[Bluetooth<sp/>stack<sp/>BLE<sp/>API<sp/>manual](https://cypresssemiconductorco.github.io/btstack/ble/api_reference_manual/html/index.html)</highlight></codeline>
<codeline><highlight class="normal"><sp/><sp/><sp/><sp/></highlight></codeline>
<codeline><highlight class="normal">©<sp/>Cypress<sp/>Semiconductor<sp/>Corporation,<sp/>2020.</highlight></codeline>
    </programlisting>
    <location file="/var/tmp/gitlab-runner1/builds/mV2grwDe/0/repo/btstack-port-cyal/README_20829.md"/>
  </compounddef>
</doxygen>
