<?xml version='1.0' encoding='UTF-8' standalone='no'?>
<doxygen xmlns:xsi="http://www.w3.org/2001/XMLSchema-instance" xsi:noNamespaceSchemaLocation="compound.xsd" version="1.8.15">
  <compounddef id="cybt__prm_8h" kind="file" language="C++">
    <compoundname>cybt_prm.h</compoundname>
      <sectiondef kind="define">
      <memberdef kind="define" id="cybt__prm_8h_1a1894b31e949b60c63d89f5aa1cb88cec" prot="public" static="no">
        <name>CYBT_PRM_FORMAT_BIN</name>
        <initializer>0x00</initializer>
        <briefdescription>
<para>patch ram format type </para>
        </briefdescription>
        <detaileddescription>
        </detaileddescription>
        <inbodydescription>
        </inbodydescription>
        <location file="/var/tmp/gitlab-runner1/builds/rVHM8Wxb/1/repo/btstack-port-cyal/platform/include/cybt_prm.h" line="45" column="9" bodyfile="/var/tmp/gitlab-runner1/builds/rVHM8Wxb/1/repo/btstack-port-cyal/platform/include/cybt_prm.h" bodystart="45" bodyend="-1"/>
      </memberdef>
      <memberdef kind="define" id="cybt__prm_8h_1af37e003f3792a046c9b5effb9d4ba914" prot="public" static="no">
        <name>CYBT_PRM_FORMAT_HCD</name>
        <initializer>0x01</initializer>
        <briefdescription>
        </briefdescription>
        <detaileddescription>
        </detaileddescription>
        <inbodydescription>
        </inbodydescription>
        <location file="/var/tmp/gitlab-runner1/builds/rVHM8Wxb/1/repo/btstack-port-cyal/platform/include/cybt_prm.h" line="46" column="9" bodyfile="/var/tmp/gitlab-runner1/builds/rVHM8Wxb/1/repo/btstack-port-cyal/platform/include/cybt_prm.h" bodystart="46" bodyend="-1"/>
      </memberdef>
      </sectiondef>
      <sectiondef kind="enum">
      <memberdef kind="enum" id="cybt__prm_8h_1adf764cbdea00d65edcd07bb9953ad2b7" prot="public" static="no" strong="no">
        <type></type>
        <name>@1</name>
        <enumvalue id="cybt__prm_8h_1adf764cbdea00d65edcd07bb9953ad2b7a6d1e94817d96e4a80e5f924e7c4d5ee6" prot="public">
          <name>CYBT_PRM_STS_CONTINUE</name>
          <initializer>= 0</initializer>
          <briefdescription>
          </briefdescription>
          <detaileddescription>
          </detaileddescription>
        </enumvalue>
        <enumvalue id="cybt__prm_8h_1adf764cbdea00d65edcd07bb9953ad2b7aed1d7fc734d4e5242f28160e710b2a16" prot="public">
          <name>CYBT_PRM_STS_COMPLETE</name>
          <briefdescription>
          </briefdescription>
          <detaileddescription>
          </detaileddescription>
        </enumvalue>
        <enumvalue id="cybt__prm_8h_1adf764cbdea00d65edcd07bb9953ad2b7a8862f3e31c06d0f301e397d68970b937" prot="public">
          <name>CYBT_PRM_STS_ABORT</name>
          <briefdescription>
          </briefdescription>
          <detaileddescription>
          </detaileddescription>
        </enumvalue>
        <briefdescription>
<para>Patch ram download status. </para>
        </briefdescription>
        <detaileddescription>
        </detaileddescription>
        <inbodydescription>
        </inbodydescription>
        <location file="/var/tmp/gitlab-runner1/builds/rVHM8Wxb/1/repo/btstack-port-cyal/platform/include/cybt_prm.h" line="35" column="1" bodyfile="/var/tmp/gitlab-runner1/builds/rVHM8Wxb/1/repo/btstack-port-cyal/platform/include/cybt_prm.h" bodystart="34" bodyend="39"/>
      </memberdef>
      </sectiondef>
      <sectiondef kind="typedef">
      <memberdef kind="typedef" id="cybt__prm_8h_1a27d29fb02dfb2e43c44443980b77c4cf" prot="public" static="no">
        <type>uint8_t</type>
        <definition>typedef uint8_t cybt_prm_status_t</definition>
        <argsstring></argsstring>
        <name>cybt_prm_status_t</name>
        <briefdescription>
        </briefdescription>
        <detaileddescription>
        </detaileddescription>
        <inbodydescription>
        </inbodydescription>
        <location file="/var/tmp/gitlab-runner1/builds/rVHM8Wxb/1/repo/btstack-port-cyal/platform/include/cybt_prm.h" line="40" column="1" bodyfile="/var/tmp/gitlab-runner1/builds/rVHM8Wxb/1/repo/btstack-port-cyal/platform/include/cybt_prm.h" bodystart="40" bodyend="-1"/>
      </memberdef>
      <memberdef kind="typedef" id="cybt__prm_8h_1a91c999482e790c7557f1eb2f2d1f51f8" prot="public" static="no">
        <type>uint8_t</type>
        <definition>typedef uint8_t cybt_prm_format_t</definition>
        <argsstring></argsstring>
        <name>cybt_prm_format_t</name>
        <briefdescription>
        </briefdescription>
        <detaileddescription>
        </detaileddescription>
        <inbodydescription>
        </inbodydescription>
        <location file="/var/tmp/gitlab-runner1/builds/rVHM8Wxb/1/repo/btstack-port-cyal/platform/include/cybt_prm.h" line="47" column="1" bodyfile="/var/tmp/gitlab-runner1/builds/rVHM8Wxb/1/repo/btstack-port-cyal/platform/include/cybt_prm.h" bodystart="47" bodyend="-1"/>
      </memberdef>
      <memberdef kind="typedef" id="cybt__prm_8h_1a0c0badc00d92703eedcf3f771e1b1fe2" prot="public" static="no">
        <type>void()</type>
        <definition>typedef void() cybt_prm_cback_t(cybt_prm_status_t status)</definition>
        <argsstring>(cybt_prm_status_t status)</argsstring>
        <name>cybt_prm_cback_t</name>
        <briefdescription>
<para>Patch ram download status callback. </para>
        </briefdescription>
        <detaileddescription>
<para><parameterlist kind="param"><parameteritem>
<parameternamelist>
<parametername direction="out">status</parametername>
</parameternamelist>
<parameterdescription>
<para>: download status</para>
</parameterdescription>
</parameteritem>
</parameterlist>
<simplesect kind="return"><para>void </para>
</simplesect>
</para>
        </detaileddescription>
        <inbodydescription>
        </inbodydescription>
        <location file="/var/tmp/gitlab-runner1/builds/rVHM8Wxb/1/repo/btstack-port-cyal/platform/include/cybt_prm.h" line="56" column="1" bodyfile="/var/tmp/gitlab-runner1/builds/rVHM8Wxb/1/repo/btstack-port-cyal/platform/include/cybt_prm.h" bodystart="56" bodyend="-1"/>
      </memberdef>
      </sectiondef>
      <sectiondef kind="func">
      <memberdef kind="function" id="cybt__prm_8h_1ab0b21204353603287cf4e0a2cc798784" prot="public" static="no" const="no" explicit="no" inline="no" virt="non-virtual">
        <type>bool</type>
        <definition>bool cybt_prm_download</definition>
        <argsstring>(cybt_prm_cback_t *p_cb, const uint8_t *p_patch_buf, uint32_t patch_buf_len, uint32_t address, uint8_t format_type, bool download_mini_drv)</argsstring>
        <name>cybt_prm_download</name>
        <param>
          <type>cybt_prm_cback_t *</type>
          <declname>p_cb</declname>
        </param>
        <param>
          <type>const uint8_t *</type>
          <declname>p_patch_buf</declname>
        </param>
        <param>
          <type>uint32_t</type>
          <declname>patch_buf_len</declname>
        </param>
        <param>
          <type>uint32_t</type>
          <declname>address</declname>
        </param>
        <param>
          <type>uint8_t</type>
          <declname>format_type</declname>
        </param>
        <param>
          <type>bool</type>
          <declname>download_mini_drv</declname>
        </param>
        <briefdescription>
<para>Register patch ram callback, and start the patch ram download process. </para>
        </briefdescription>
        <detaileddescription>
<para><parameterlist kind="param"><parameteritem>
<parameternamelist>
<parametername direction="in">p_cb</parametername>
</parameternamelist>
<parameterdescription>
<para>: callback for download status </para>
</parameterdescription>
</parameteritem>
<parameteritem>
<parameternamelist>
<parametername direction="in">p_patch_buf</parametername>
</parameternamelist>
<parameterdescription>
<para>: address of patch ram buffer </para>
</parameterdescription>
</parameteritem>
<parameteritem>
<parameternamelist>
<parametername direction="in">patch_buf_len</parametername>
</parameternamelist>
<parameterdescription>
<para>: length of patch ram buffer </para>
</parameterdescription>
</parameteritem>
<parameteritem>
<parameternamelist>
<parametername direction="in">address</parametername>
</parameternamelist>
<parameterdescription>
<para>: address of patch ram to be written, </para>
</parameterdescription>
</parameteritem>
<parameteritem>
<parameternamelist>
<parametername direction="in">format_type</parametername>
</parameternamelist>
<parameterdescription>
<para>: patch format type ( bin, hcd ...) </para>
</parameterdescription>
</parameteritem>
<parameteritem>
<parameternamelist>
<parametername direction="in">download_mini_drv</parametername>
</parameternamelist>
<parameterdescription>
<para>: enable to download minidriver</para>
</parameterdescription>
</parameteritem>
</parameterlist>
<simplesect kind="return"><para>true if successful, false otherwise </para>
</simplesect>
</para>
        </detaileddescription>
        <inbodydescription>
        </inbodydescription>
        <location file="/var/tmp/gitlab-runner1/builds/rVHM8Wxb/1/repo/btstack-port-cyal/platform/include/cybt_prm.h" line="81" column="1"/>
      </memberdef>
      </sectiondef>
    <briefdescription>
    </briefdescription>
    <detaileddescription>
    </detaileddescription>
    <programlisting>
<codeline lineno="1"><highlight class="comment">/*******************************************************************************</highlight></codeline>
<codeline lineno="2"><highlight class="comment">*<sp/>\file<sp/>cybt_prm.c</highlight></codeline>
<codeline lineno="3"><highlight class="comment">*</highlight></codeline>
<codeline lineno="4"><highlight class="comment">*<sp/>\brief</highlight></codeline>
<codeline lineno="5"><highlight class="comment">*<sp/>Provides<sp/>API<sp/>to<sp/>download<sp/>BT<sp/>firmware.</highlight></codeline>
<codeline lineno="6"><highlight class="comment">*</highlight></codeline>
<codeline lineno="7"><highlight class="comment">********************************************************************************</highlight></codeline>
<codeline lineno="8"><highlight class="comment">*<sp/>\copyright</highlight></codeline>
<codeline lineno="9"><highlight class="comment">*<sp/>Copyright<sp/>2018-2019<sp/>Cypress<sp/>Semiconductor<sp/>Corporation</highlight></codeline>
<codeline lineno="10"><highlight class="comment">*<sp/>SPDX-License-Identifier:<sp/>Apache-2.0</highlight></codeline>
<codeline lineno="11"><highlight class="comment">*</highlight></codeline>
<codeline lineno="12"><highlight class="comment">*<sp/>Licensed<sp/>under<sp/>the<sp/>Apache<sp/>License,<sp/>Version<sp/>2.0<sp/>(the<sp/>&quot;License&quot;);</highlight></codeline>
<codeline lineno="13"><highlight class="comment">*<sp/>you<sp/>may<sp/>not<sp/>use<sp/>this<sp/>file<sp/>except<sp/>in<sp/>compliance<sp/>with<sp/>the<sp/>License.</highlight></codeline>
<codeline lineno="14"><highlight class="comment">*<sp/>You<sp/>may<sp/>obtain<sp/>a<sp/>copy<sp/>of<sp/>the<sp/>License<sp/>at</highlight></codeline>
<codeline lineno="15"><highlight class="comment">*</highlight></codeline>
<codeline lineno="16"><highlight class="comment">*<sp/><sp/><sp/><sp/><sp/>http://www.apache.org/licenses/LICENSE-2.0</highlight></codeline>
<codeline lineno="17"><highlight class="comment">*</highlight></codeline>
<codeline lineno="18"><highlight class="comment">*<sp/>Unless<sp/>required<sp/>by<sp/>applicable<sp/>law<sp/>or<sp/>agreed<sp/>to<sp/>in<sp/>writing,<sp/>software</highlight></codeline>
<codeline lineno="19"><highlight class="comment">*<sp/>distributed<sp/>under<sp/>the<sp/>License<sp/>is<sp/>distributed<sp/>on<sp/>an<sp/>&quot;AS<sp/>IS&quot;<sp/>BASIS,</highlight></codeline>
<codeline lineno="20"><highlight class="comment">*<sp/>WITHOUT<sp/>WARRANTIES<sp/>OR<sp/>CONDITIONS<sp/>OF<sp/>ANY<sp/>KIND,<sp/>either<sp/>express<sp/>or<sp/>implied.</highlight></codeline>
<codeline lineno="21"><highlight class="comment">*<sp/>See<sp/>the<sp/>License<sp/>for<sp/>the<sp/>specific<sp/>language<sp/>governing<sp/>permissions<sp/>and</highlight></codeline>
<codeline lineno="22"><highlight class="comment">*<sp/>limitations<sp/>under<sp/>the<sp/>License.</highlight></codeline>
<codeline lineno="23"><highlight class="comment">*******************************************************************************/</highlight><highlight class="normal"></highlight></codeline>
<codeline lineno="24"><highlight class="normal"></highlight></codeline>
<codeline lineno="25"><highlight class="normal"></highlight><highlight class="preprocessor">#ifndef<sp/>CYBT_PRM_H</highlight><highlight class="normal"></highlight></codeline>
<codeline lineno="26"><highlight class="normal"></highlight><highlight class="preprocessor">#define<sp/>CYBT_PRM_H</highlight><highlight class="normal"></highlight></codeline>
<codeline lineno="27"><highlight class="normal"></highlight></codeline>
<codeline lineno="28"><highlight class="normal"></highlight><highlight class="comment">/*****************************************************************************</highlight></codeline>
<codeline lineno="29"><highlight class="comment"><sp/>*<sp/><sp/><sp/><sp/><sp/><sp/><sp/><sp/><sp/><sp/><sp/><sp/><sp/><sp/><sp/><sp/><sp/><sp/><sp/><sp/><sp/><sp/><sp/><sp/><sp/><sp/><sp/>Type<sp/>Definitions</highlight></codeline>
<codeline lineno="30"><highlight class="comment"><sp/>*****************************************************************************/</highlight></codeline>
<codeline lineno="34"><highlight class="keyword">enum</highlight><highlight class="normal"></highlight></codeline>
<codeline lineno="35"><highlight class="normal">{</highlight></codeline>
<codeline lineno="36"><highlight class="normal"><sp/><sp/><sp/><sp/>CYBT_PRM_STS_CONTINUE<sp/>=<sp/>0,</highlight></codeline>
<codeline lineno="37"><highlight class="normal"><sp/><sp/><sp/><sp/>CYBT_PRM_STS_COMPLETE,</highlight></codeline>
<codeline lineno="38"><highlight class="normal"><sp/><sp/><sp/><sp/>CYBT_PRM_STS_ABORT</highlight></codeline>
<codeline lineno="39"><highlight class="normal">};</highlight></codeline>
<codeline lineno="40"><highlight class="normal"></highlight><highlight class="keyword">typedef</highlight><highlight class="normal"><sp/>uint8_t<sp/>cybt_prm_status_t;</highlight></codeline>
<codeline lineno="41"><highlight class="normal"></highlight></codeline>
<codeline lineno="45"><highlight class="preprocessor">#define<sp/>CYBT_PRM_FORMAT_BIN<sp/><sp/><sp/><sp/>0x00</highlight><highlight class="normal"></highlight></codeline>
<codeline lineno="46"><highlight class="normal"></highlight><highlight class="preprocessor">#define<sp/>CYBT_PRM_FORMAT_HCD<sp/><sp/><sp/><sp/>0x01</highlight><highlight class="normal"></highlight></codeline>
<codeline lineno="47"><highlight class="normal"></highlight><highlight class="keyword">typedef</highlight><highlight class="normal"><sp/>uint8_t<sp/>cybt_prm_format_t;</highlight></codeline>
<codeline lineno="48"><highlight class="normal"></highlight></codeline>
<codeline lineno="56"><highlight class="keyword">typedef</highlight><highlight class="normal"><sp/>void<sp/>(cybt_prm_cback_t)<sp/>(cybt_prm_status_t<sp/>status);</highlight></codeline>
<codeline lineno="57"><highlight class="normal"></highlight></codeline>
<codeline lineno="58"><highlight class="normal"></highlight><highlight class="preprocessor">#ifdef<sp/>__cplusplus</highlight><highlight class="normal"></highlight></codeline>
<codeline lineno="59"><highlight class="normal"></highlight><highlight class="keyword">extern</highlight><highlight class="normal"><sp/></highlight><highlight class="stringliteral">&quot;C&quot;</highlight><highlight class="normal"></highlight></codeline>
<codeline lineno="60"><highlight class="normal">{</highlight></codeline>
<codeline lineno="61"><highlight class="normal"></highlight><highlight class="preprocessor">#endif</highlight><highlight class="normal"></highlight></codeline>
<codeline lineno="62"><highlight class="normal"></highlight></codeline>
<codeline lineno="63"><highlight class="normal"></highlight><highlight class="comment">/*****************************************************************************</highlight></codeline>
<codeline lineno="64"><highlight class="comment"><sp/>*<sp/><sp/><sp/><sp/><sp/><sp/><sp/><sp/><sp/><sp/><sp/><sp/><sp/><sp/><sp/><sp/><sp/><sp/><sp/><sp/><sp/><sp/><sp/><sp/><sp/><sp/><sp/>Function<sp/>Declarations</highlight></codeline>
<codeline lineno="65"><highlight class="comment"><sp/>*****************************************************************************/</highlight><highlight class="normal"></highlight></codeline>
<codeline lineno="66"><highlight class="normal"></highlight></codeline>
<codeline lineno="81"><highlight class="keywordtype">bool</highlight><highlight class="normal"><sp/>cybt_prm_download<sp/>(cybt_prm_cback_t<sp/>*p_cb,</highlight></codeline>
<codeline lineno="82"><highlight class="normal"><sp/><sp/><sp/><sp/><sp/><sp/><sp/><sp/><sp/><sp/><sp/><sp/><sp/><sp/><sp/><sp/><sp/><sp/><sp/><sp/><sp/><sp/><sp/><sp/></highlight><highlight class="keyword">const</highlight><highlight class="normal"><sp/>uint8_t<sp/>*p_patch_buf,</highlight></codeline>
<codeline lineno="83"><highlight class="normal"><sp/><sp/><sp/><sp/><sp/><sp/><sp/><sp/><sp/><sp/><sp/><sp/><sp/><sp/><sp/><sp/><sp/><sp/><sp/><sp/><sp/><sp/><sp/><sp/>uint32_t<sp/>patch_buf_len,</highlight></codeline>
<codeline lineno="84"><highlight class="normal"><sp/><sp/><sp/><sp/><sp/><sp/><sp/><sp/><sp/><sp/><sp/><sp/><sp/><sp/><sp/><sp/><sp/><sp/><sp/><sp/><sp/><sp/><sp/><sp/>uint32_t<sp/>address,</highlight></codeline>
<codeline lineno="85"><highlight class="normal"><sp/><sp/><sp/><sp/><sp/><sp/><sp/><sp/><sp/><sp/><sp/><sp/><sp/><sp/><sp/><sp/><sp/><sp/><sp/><sp/><sp/><sp/><sp/><sp/>uint8_t<sp/><sp/>format_type,</highlight></codeline>
<codeline lineno="86"><highlight class="normal"><sp/><sp/><sp/><sp/><sp/><sp/><sp/><sp/><sp/><sp/><sp/><sp/><sp/><sp/><sp/><sp/><sp/><sp/><sp/><sp/><sp/><sp/><sp/><sp/></highlight><highlight class="keywordtype">bool</highlight><highlight class="normal"><sp/>download_mini_drv</highlight></codeline>
<codeline lineno="87"><highlight class="normal"><sp/><sp/><sp/><sp/><sp/><sp/><sp/><sp/><sp/><sp/><sp/><sp/><sp/><sp/><sp/><sp/><sp/><sp/><sp/><sp/><sp/><sp/><sp/><sp/>);</highlight></codeline>
<codeline lineno="88"><highlight class="normal"></highlight></codeline>
<codeline lineno="89"><highlight class="normal"></highlight><highlight class="preprocessor">#ifdef<sp/>__cplusplus</highlight><highlight class="normal"></highlight></codeline>
<codeline lineno="90"><highlight class="normal">}<sp/></highlight><highlight class="comment">/*<sp/>extern<sp/>&quot;C&quot;<sp/>*/</highlight><highlight class="normal"></highlight></codeline>
<codeline lineno="91"><highlight class="normal"></highlight><highlight class="preprocessor">#endif</highlight><highlight class="normal"></highlight></codeline>
<codeline lineno="92"><highlight class="normal"></highlight></codeline>
<codeline lineno="93"><highlight class="normal"></highlight><highlight class="preprocessor">#endif</highlight><highlight class="normal"></highlight></codeline>
<codeline lineno="94"><highlight class="normal"></highlight></codeline>
    </programlisting>
    <location file="/var/tmp/gitlab-runner1/builds/rVHM8Wxb/1/repo/btstack-port-cyal/platform/include/cybt_prm.h"/>
  </compounddef>
</doxygen>
