<?xml version='1.0' encoding='UTF-8' standalone='no'?>
<doxygen xmlns:xsi="http://www.w3.org/2001/XMLSchema-instance" xsi:noNamespaceSchemaLocation="compound.xsd" version="1.8.15">
  <compounddef id="group__platform__trace" kind="group">
    <compoundname>platform_trace</compoundname>
    <title>Bluetooth Platform Trace</title>
    <innerclass refid="structcybt__platform__trace__cb__t" prot="public">cybt_platform_trace_cb_t</innerclass>
      <sectiondef kind="typedef">
      <memberdef kind="typedef" id="group__platform__trace_1gaed69846bfed5bab2c7db57097c3dcc98" prot="public" static="no">
        <type>uint8_t</type>
        <definition>typedef uint8_t cybt_trace_id_t</definition>
        <argsstring></argsstring>
        <name>cybt_trace_id_t</name>
        <briefdescription>
        </briefdescription>
        <detaileddescription>
        </detaileddescription>
        <inbodydescription>
        </inbodydescription>
        <location file="/var/tmp/gitlab-runner1/builds/mV2grwDe/0/repo/btstack-port-cyal/platform/include/cybt_platform_trace.h" line="82" column="1" bodyfile="/var/tmp/gitlab-runner1/builds/mV2grwDe/0/repo/btstack-port-cyal/platform/include/cybt_platform_trace.h" bodystart="82" bodyend="-1"/>
      </memberdef>
      <memberdef kind="typedef" id="group__platform__trace_1ga4d3896459a291d5096506d4bc5987873" prot="public" static="no">
        <type>uint8_t</type>
        <definition>typedef uint8_t cybt_trace_level_t</definition>
        <argsstring></argsstring>
        <name>cybt_trace_level_t</name>
        <briefdescription>
        </briefdescription>
        <detaileddescription>
        </detaileddescription>
        <inbodydescription>
        </inbodydescription>
        <location file="/var/tmp/gitlab-runner1/builds/mV2grwDe/0/repo/btstack-port-cyal/platform/include/cybt_platform_trace.h" line="94" column="1" bodyfile="/var/tmp/gitlab-runner1/builds/mV2grwDe/0/repo/btstack-port-cyal/platform/include/cybt_platform_trace.h" bodystart="94" bodyend="-1"/>
      </memberdef>
      </sectiondef>
      <sectiondef kind="var">
      <memberdef kind="variable" id="group__platform__trace_1ga64163a59abafc9e2cb16bb31476aa9f7" prot="public" static="no" mutable="no">
        <type><ref refid="structcybt__platform__trace__cb__t" kindref="compound">cybt_platform_trace_cb_t</ref></type>
        <definition>cybt_platform_trace_cb_t trace_cb</definition>
        <argsstring></argsstring>
        <name>trace_cb</name>
        <briefdescription>
        </briefdescription>
        <detaileddescription>
        </detaileddescription>
        <inbodydescription>
        </inbodydescription>
        <location file="/var/tmp/gitlab-runner1/builds/mV2grwDe/0/repo/btstack-port-cyal/platform/include/cybt_platform_trace.h" line="112" column="1"/>
      </memberdef>
      </sectiondef>
      <sectiondef kind="func">
      <memberdef kind="function" id="group__platform__trace_1ga63266c3ba4e8863a8cedf129798dc6cf" prot="public" static="no" const="no" explicit="no" inline="no" virt="non-virtual">
        <type>void</type>
        <definition>void cybt_platform_log_print</definition>
        <argsstring>(const char *fmt_str,...)</argsstring>
        <name>cybt_platform_log_print</name>
        <param>
          <type>const char *</type>
          <declname>fmt_str</declname>
        </param>
        <param>
          <type>...</type>
        </param>
        <briefdescription>
        </briefdescription>
        <detaileddescription>
        </detaileddescription>
        <inbodydescription>
        </inbodydescription>
        <location file="/var/tmp/gitlab-runner1/builds/mV2grwDe/0/repo/btstack-port-cyal/platform/include/cybt_platform_trace.h" line="114" column="1"/>
      </memberdef>
      <memberdef kind="function" id="group__platform__trace_1gacff449b9b47250c93eb680a49129d9ec" prot="public" static="no" const="no" explicit="no" inline="no" virt="non-virtual">
        <type>void</type>
        <definition>void cybt_platform_set_trace_level</definition>
        <argsstring>(cybt_trace_id_t id, cybt_trace_level_t level)</argsstring>
        <name>cybt_platform_set_trace_level</name>
        <param>
          <type>cybt_trace_id_t</type>
          <declname>id</declname>
        </param>
        <param>
          <type>cybt_trace_level_t</type>
          <declname>level</declname>
        </param>
        <briefdescription>
<para>Set the trace level for trace categories id. </para>
        </briefdescription>
        <detaileddescription>
<para><parameterlist kind="param"><parameteritem>
<parameternamelist>
<parametername direction="in">id</parametername>
</parameternamelist>
<parameterdescription>
<para>: trace id, CYBT_TRACE_ID_ALL for all categories </para>
</parameterdescription>
</parameteritem>
<parameteritem>
<parameternamelist>
<parametername direction="in">level</parametername>
</parameternamelist>
<parameterdescription>
<para>: trace level</para>
</parameterdescription>
</parameteritem>
</parameterlist>
<simplesect kind="return"><para>void </para>
</simplesect>
</para>
        </detaileddescription>
        <inbodydescription>
        </inbodydescription>
        <location file="/var/tmp/gitlab-runner1/builds/mV2grwDe/0/repo/btstack-port-cyal/platform/include/cybt_platform_trace.h" line="262" column="1"/>
      </memberdef>
      </sectiondef>
      <sectiondef kind="define">
      <memberdef kind="define" id="group__platform__trace_1ga6ee1dced2b4da94270e21bbb3d358600" prot="public" static="no">
        <name>CYBT_PLATFORM_TRACE_ENABLE</name>
        <initializer>1</initializer>
        <briefdescription>
        </briefdescription>
        <detaileddescription>
        </detaileddescription>
        <inbodydescription>
        </inbodydescription>
        <location file="/var/tmp/gitlab-runner1/builds/mV2grwDe/0/repo/btstack-port-cyal/platform/include/cybt_platform_trace.h" line="39" column="9" bodyfile="/var/tmp/gitlab-runner1/builds/mV2grwDe/0/repo/btstack-port-cyal/platform/include/cybt_platform_trace.h" bodystart="39" bodyend="-1"/>
      </memberdef>
      <memberdef kind="define" id="group__platform__trace_1ga2d65faaba8a0734aee6126a1ee99eb90" prot="public" static="no">
        <name>INITIAL_TRACE_LEVEL_MAIN</name>
        <initializer>(CYBT_TRACE_LEVEL_ERROR)</initializer>
        <briefdescription>
        </briefdescription>
        <detaileddescription>
        </detaileddescription>
        <inbodydescription>
        </inbodydescription>
        <location file="/var/tmp/gitlab-runner1/builds/mV2grwDe/0/repo/btstack-port-cyal/platform/include/cybt_platform_trace.h" line="45" column="9" bodyfile="/var/tmp/gitlab-runner1/builds/mV2grwDe/0/repo/btstack-port-cyal/platform/include/cybt_platform_trace.h" bodystart="45" bodyend="-1"/>
      </memberdef>
      <memberdef kind="define" id="group__platform__trace_1gab141416369a97c8a0ff5ff5b35734694" prot="public" static="no">
        <name>INITIAL_TRACE_LEVEL_SPIF</name>
        <initializer>(CYBT_TRACE_LEVEL_ERROR)</initializer>
        <briefdescription>
        </briefdescription>
        <detaileddescription>
        </detaileddescription>
        <inbodydescription>
        </inbodydescription>
        <location file="/var/tmp/gitlab-runner1/builds/mV2grwDe/0/repo/btstack-port-cyal/platform/include/cybt_platform_trace.h" line="46" column="9" bodyfile="/var/tmp/gitlab-runner1/builds/mV2grwDe/0/repo/btstack-port-cyal/platform/include/cybt_platform_trace.h" bodystart="46" bodyend="-1"/>
      </memberdef>
      <memberdef kind="define" id="group__platform__trace_1ga649ea6b26acfafe56b53bbde1d2d1cda" prot="public" static="no">
        <name>INITIAL_TRACE_LEVEL_HCITX_TASK</name>
        <initializer>(CYBT_TRACE_LEVEL_ERROR)</initializer>
        <briefdescription>
        </briefdescription>
        <detaileddescription>
        </detaileddescription>
        <inbodydescription>
        </inbodydescription>
        <location file="/var/tmp/gitlab-runner1/builds/mV2grwDe/0/repo/btstack-port-cyal/platform/include/cybt_platform_trace.h" line="47" column="9" bodyfile="/var/tmp/gitlab-runner1/builds/mV2grwDe/0/repo/btstack-port-cyal/platform/include/cybt_platform_trace.h" bodystart="47" bodyend="-1"/>
      </memberdef>
      <memberdef kind="define" id="group__platform__trace_1gade2c98e5e3aea412014a0ba170776673" prot="public" static="no">
        <name>INITIAL_TRACE_LEVEL_HCIRX_TASK</name>
        <initializer>(CYBT_TRACE_LEVEL_ERROR)</initializer>
        <briefdescription>
        </briefdescription>
        <detaileddescription>
        </detaileddescription>
        <inbodydescription>
        </inbodydescription>
        <location file="/var/tmp/gitlab-runner1/builds/mV2grwDe/0/repo/btstack-port-cyal/platform/include/cybt_platform_trace.h" line="48" column="9" bodyfile="/var/tmp/gitlab-runner1/builds/mV2grwDe/0/repo/btstack-port-cyal/platform/include/cybt_platform_trace.h" bodystart="48" bodyend="-1"/>
      </memberdef>
      <memberdef kind="define" id="group__platform__trace_1gac56c57bed664812323a8ee66ab60524b" prot="public" static="no">
        <name>INITIAL_TRACE_LEVEL_HCI_DRV</name>
        <initializer>(CYBT_TRACE_LEVEL_ERROR)</initializer>
        <briefdescription>
        </briefdescription>
        <detaileddescription>
        </detaileddescription>
        <inbodydescription>
        </inbodydescription>
        <location file="/var/tmp/gitlab-runner1/builds/mV2grwDe/0/repo/btstack-port-cyal/platform/include/cybt_platform_trace.h" line="49" column="9" bodyfile="/var/tmp/gitlab-runner1/builds/mV2grwDe/0/repo/btstack-port-cyal/platform/include/cybt_platform_trace.h" bodystart="49" bodyend="-1"/>
      </memberdef>
      <memberdef kind="define" id="group__platform__trace_1gac94383e16c4d36c35399c69328faf2fe" prot="public" static="no">
        <name>INITIAL_TRACE_LEVEL_HCI_LOG</name>
        <initializer>(CYBT_TRACE_LEVEL_ERROR)</initializer>
        <briefdescription>
        </briefdescription>
        <detaileddescription>
        </detaileddescription>
        <inbodydescription>
        </inbodydescription>
        <location file="/var/tmp/gitlab-runner1/builds/mV2grwDe/0/repo/btstack-port-cyal/platform/include/cybt_platform_trace.h" line="50" column="9" bodyfile="/var/tmp/gitlab-runner1/builds/mV2grwDe/0/repo/btstack-port-cyal/platform/include/cybt_platform_trace.h" bodystart="50" bodyend="-1"/>
      </memberdef>
      <memberdef kind="define" id="group__platform__trace_1ga1a3cd83b11015bbd1f8f2cabe2812c16" prot="public" static="no">
        <name>INITIAL_TRACE_LEVEL_MEMORY</name>
        <initializer>(CYBT_TRACE_LEVEL_ERROR)</initializer>
        <briefdescription>
        </briefdescription>
        <detaileddescription>
        </detaileddescription>
        <inbodydescription>
        </inbodydescription>
        <location file="/var/tmp/gitlab-runner1/builds/mV2grwDe/0/repo/btstack-port-cyal/platform/include/cybt_platform_trace.h" line="51" column="9" bodyfile="/var/tmp/gitlab-runner1/builds/mV2grwDe/0/repo/btstack-port-cyal/platform/include/cybt_platform_trace.h" bodystart="51" bodyend="-1"/>
      </memberdef>
      <memberdef kind="define" id="group__platform__trace_1ga0daa7136b46a98ace2073adbf4c36098" prot="public" static="no">
        <name>INITIAL_TRACE_LEVEL_PRM</name>
        <initializer>(CYBT_TRACE_LEVEL_ERROR)</initializer>
        <briefdescription>
        </briefdescription>
        <detaileddescription>
        </detaileddescription>
        <inbodydescription>
        </inbodydescription>
        <location file="/var/tmp/gitlab-runner1/builds/mV2grwDe/0/repo/btstack-port-cyal/platform/include/cybt_platform_trace.h" line="52" column="9" bodyfile="/var/tmp/gitlab-runner1/builds/mV2grwDe/0/repo/btstack-port-cyal/platform/include/cybt_platform_trace.h" bodystart="52" bodyend="-1"/>
      </memberdef>
      <memberdef kind="define" id="group__platform__trace_1ga18134ee925e7e7ea93dfdc543a52c1f7" prot="public" static="no">
        <name>INITIAL_TRACE_LEVEL_STACK</name>
        <initializer>(CYBT_TRACE_LEVEL_ERROR)</initializer>
        <briefdescription>
        </briefdescription>
        <detaileddescription>
        </detaileddescription>
        <inbodydescription>
        </inbodydescription>
        <location file="/var/tmp/gitlab-runner1/builds/mV2grwDe/0/repo/btstack-port-cyal/platform/include/cybt_platform_trace.h" line="56" column="10" bodyfile="/var/tmp/gitlab-runner1/builds/mV2grwDe/0/repo/btstack-port-cyal/platform/include/cybt_platform_trace.h" bodystart="56" bodyend="-1"/>
      </memberdef>
      <memberdef kind="define" id="group__platform__trace_1gac898c85dfad08061acbbcc299627a347" prot="public" static="no">
        <name>INITIAL_TRACE_LEVEL_APP</name>
        <initializer>(CYBT_TRACE_LEVEL_ERROR)</initializer>
        <briefdescription>
        </briefdescription>
        <detaileddescription>
        </detaileddescription>
        <inbodydescription>
        </inbodydescription>
        <location file="/var/tmp/gitlab-runner1/builds/mV2grwDe/0/repo/btstack-port-cyal/platform/include/cybt_platform_trace.h" line="58" column="10" bodyfile="/var/tmp/gitlab-runner1/builds/mV2grwDe/0/repo/btstack-port-cyal/platform/include/cybt_platform_trace.h" bodystart="58" bodyend="-1"/>
      </memberdef>
      <memberdef kind="define" id="group__platform__trace_1ga0521dfaba3084df1bb9ad69ac85b94f2" prot="public" static="no">
        <name>INITIAL_TRACE_LEVEL_BT_TASK</name>
        <initializer>(CYBT_TRACE_LEVEL_ERROR)</initializer>
        <briefdescription>
        </briefdescription>
        <detaileddescription>
        </detaileddescription>
        <inbodydescription>
        </inbodydescription>
        <location file="/var/tmp/gitlab-runner1/builds/mV2grwDe/0/repo/btstack-port-cyal/platform/include/cybt_platform_trace.h" line="59" column="9" bodyfile="/var/tmp/gitlab-runner1/builds/mV2grwDe/0/repo/btstack-port-cyal/platform/include/cybt_platform_trace.h" bodystart="59" bodyend="-1"/>
      </memberdef>
      <memberdef kind="define" id="group__platform__trace_1ga86d500a34c624c2cae56bc25a31b12f3" prot="public" static="no">
        <name>UNUSED</name>
        <param><defname>x</defname></param>
        <initializer>( (void)(x) )</initializer>
        <briefdescription>
        </briefdescription>
        <detaileddescription>
        </detaileddescription>
        <inbodydescription>
        </inbodydescription>
        <location file="/var/tmp/gitlab-runner1/builds/mV2grwDe/0/repo/btstack-port-cyal/platform/include/cybt_platform_trace.h" line="61" column="9" bodyfile="/var/tmp/gitlab-runner1/builds/mV2grwDe/0/repo/btstack-port-cyal/platform/include/cybt_platform_trace.h" bodystart="61" bodyend="-1"/>
      </memberdef>
      <memberdef kind="define" id="group__platform__trace_1ga7171cf6d4882d16a4f8095996de39ab2" prot="public" static="no">
        <name>CYBT_TRACE_ID_MAIN</name>
        <initializer>(0)</initializer>
        <briefdescription>
<para>trace category id </para>
        </briefdescription>
        <detaileddescription>
        </detaileddescription>
        <inbodydescription>
        </inbodydescription>
        <location file="/var/tmp/gitlab-runner1/builds/mV2grwDe/0/repo/btstack-port-cyal/platform/include/cybt_platform_trace.h" line="69" column="9" bodyfile="/var/tmp/gitlab-runner1/builds/mV2grwDe/0/repo/btstack-port-cyal/platform/include/cybt_platform_trace.h" bodystart="69" bodyend="-1"/>
      </memberdef>
      <memberdef kind="define" id="group__platform__trace_1gafe82dd910728cf074689a7c482d1a6f8" prot="public" static="no">
        <name>CYBT_TRACE_ID_SPIF</name>
        <initializer>(1)</initializer>
        <briefdescription>
        </briefdescription>
        <detaileddescription>
        </detaileddescription>
        <inbodydescription>
        </inbodydescription>
        <location file="/var/tmp/gitlab-runner1/builds/mV2grwDe/0/repo/btstack-port-cyal/platform/include/cybt_platform_trace.h" line="70" column="9" bodyfile="/var/tmp/gitlab-runner1/builds/mV2grwDe/0/repo/btstack-port-cyal/platform/include/cybt_platform_trace.h" bodystart="70" bodyend="-1"/>
      </memberdef>
      <memberdef kind="define" id="group__platform__trace_1ga2d85554ba330567e69d94ce34a2357a7" prot="public" static="no">
        <name>CYBT_TRACE_ID_HCITX_TASK</name>
        <initializer>(2)</initializer>
        <briefdescription>
        </briefdescription>
        <detaileddescription>
        </detaileddescription>
        <inbodydescription>
        </inbodydescription>
        <location file="/var/tmp/gitlab-runner1/builds/mV2grwDe/0/repo/btstack-port-cyal/platform/include/cybt_platform_trace.h" line="71" column="9" bodyfile="/var/tmp/gitlab-runner1/builds/mV2grwDe/0/repo/btstack-port-cyal/platform/include/cybt_platform_trace.h" bodystart="71" bodyend="-1"/>
      </memberdef>
      <memberdef kind="define" id="group__platform__trace_1gad62abb5f816e57051df7b760026c84ea" prot="public" static="no">
        <name>CYBT_TRACE_ID_HCIRX_TASK</name>
        <initializer>(3)</initializer>
        <briefdescription>
        </briefdescription>
        <detaileddescription>
        </detaileddescription>
        <inbodydescription>
        </inbodydescription>
        <location file="/var/tmp/gitlab-runner1/builds/mV2grwDe/0/repo/btstack-port-cyal/platform/include/cybt_platform_trace.h" line="72" column="9" bodyfile="/var/tmp/gitlab-runner1/builds/mV2grwDe/0/repo/btstack-port-cyal/platform/include/cybt_platform_trace.h" bodystart="72" bodyend="-1"/>
      </memberdef>
      <memberdef kind="define" id="group__platform__trace_1ga02ecd31ceb703561f6136fb524e77dba" prot="public" static="no">
        <name>CYBT_TRACE_ID_HCI_DRV</name>
        <initializer>(4)</initializer>
        <briefdescription>
        </briefdescription>
        <detaileddescription>
        </detaileddescription>
        <inbodydescription>
        </inbodydescription>
        <location file="/var/tmp/gitlab-runner1/builds/mV2grwDe/0/repo/btstack-port-cyal/platform/include/cybt_platform_trace.h" line="73" column="9" bodyfile="/var/tmp/gitlab-runner1/builds/mV2grwDe/0/repo/btstack-port-cyal/platform/include/cybt_platform_trace.h" bodystart="73" bodyend="-1"/>
      </memberdef>
      <memberdef kind="define" id="group__platform__trace_1gaaaa263122f94c508aa91f7da7f6e4a29" prot="public" static="no">
        <name>CYBT_TRACE_ID_HCI_LOG</name>
        <initializer>(5)</initializer>
        <briefdescription>
        </briefdescription>
        <detaileddescription>
        </detaileddescription>
        <inbodydescription>
        </inbodydescription>
        <location file="/var/tmp/gitlab-runner1/builds/mV2grwDe/0/repo/btstack-port-cyal/platform/include/cybt_platform_trace.h" line="74" column="9" bodyfile="/var/tmp/gitlab-runner1/builds/mV2grwDe/0/repo/btstack-port-cyal/platform/include/cybt_platform_trace.h" bodystart="74" bodyend="-1"/>
      </memberdef>
      <memberdef kind="define" id="group__platform__trace_1gadf6707c3f7e0d070b2d6227f4de046cd" prot="public" static="no">
        <name>CYBT_TRACE_ID_MEMORY</name>
        <initializer>(6)</initializer>
        <briefdescription>
        </briefdescription>
        <detaileddescription>
        </detaileddescription>
        <inbodydescription>
        </inbodydescription>
        <location file="/var/tmp/gitlab-runner1/builds/mV2grwDe/0/repo/btstack-port-cyal/platform/include/cybt_platform_trace.h" line="75" column="9" bodyfile="/var/tmp/gitlab-runner1/builds/mV2grwDe/0/repo/btstack-port-cyal/platform/include/cybt_platform_trace.h" bodystart="75" bodyend="-1"/>
      </memberdef>
      <memberdef kind="define" id="group__platform__trace_1ga60b2374e185cdb17af72500b9e314d6d" prot="public" static="no">
        <name>CYBT_TRACE_ID_PRM</name>
        <initializer>(7)</initializer>
        <briefdescription>
        </briefdescription>
        <detaileddescription>
        </detaileddescription>
        <inbodydescription>
        </inbodydescription>
        <location file="/var/tmp/gitlab-runner1/builds/mV2grwDe/0/repo/btstack-port-cyal/platform/include/cybt_platform_trace.h" line="76" column="9" bodyfile="/var/tmp/gitlab-runner1/builds/mV2grwDe/0/repo/btstack-port-cyal/platform/include/cybt_platform_trace.h" bodystart="76" bodyend="-1"/>
      </memberdef>
      <memberdef kind="define" id="group__platform__trace_1gaf4b4a698d40be6644a8a2d086148598c" prot="public" static="no">
        <name>CYBT_TRACE_ID_STACK</name>
        <initializer>(8)</initializer>
        <briefdescription>
        </briefdescription>
        <detaileddescription>
        </detaileddescription>
        <inbodydescription>
        </inbodydescription>
        <location file="/var/tmp/gitlab-runner1/builds/mV2grwDe/0/repo/btstack-port-cyal/platform/include/cybt_platform_trace.h" line="77" column="9" bodyfile="/var/tmp/gitlab-runner1/builds/mV2grwDe/0/repo/btstack-port-cyal/platform/include/cybt_platform_trace.h" bodystart="77" bodyend="-1"/>
      </memberdef>
      <memberdef kind="define" id="group__platform__trace_1ga8cdd07a97bc787958a409e94f3667fe1" prot="public" static="no">
        <name>CYBT_TRACE_ID_APP</name>
        <initializer>(9)</initializer>
        <briefdescription>
        </briefdescription>
        <detaileddescription>
        </detaileddescription>
        <inbodydescription>
        </inbodydescription>
        <location file="/var/tmp/gitlab-runner1/builds/mV2grwDe/0/repo/btstack-port-cyal/platform/include/cybt_platform_trace.h" line="78" column="9" bodyfile="/var/tmp/gitlab-runner1/builds/mV2grwDe/0/repo/btstack-port-cyal/platform/include/cybt_platform_trace.h" bodystart="78" bodyend="-1"/>
      </memberdef>
      <memberdef kind="define" id="group__platform__trace_1ga5a1386f5d98f2a6d91ae22a7e312956d" prot="public" static="no">
        <name>CYBT_TRACE_ID_BT_TASK</name>
        <initializer>(10)</initializer>
        <briefdescription>
        </briefdescription>
        <detaileddescription>
        </detaileddescription>
        <inbodydescription>
        </inbodydescription>
        <location file="/var/tmp/gitlab-runner1/builds/mV2grwDe/0/repo/btstack-port-cyal/platform/include/cybt_platform_trace.h" line="79" column="9" bodyfile="/var/tmp/gitlab-runner1/builds/mV2grwDe/0/repo/btstack-port-cyal/platform/include/cybt_platform_trace.h" bodystart="79" bodyend="-1"/>
      </memberdef>
      <memberdef kind="define" id="group__platform__trace_1ga7c6d79b7e720b49e584efe188b7fc640" prot="public" static="no">
        <name>CYBT_TRACE_ID_MAX</name>
        <initializer>(11)</initializer>
        <briefdescription>
        </briefdescription>
        <detaileddescription>
        </detaileddescription>
        <inbodydescription>
        </inbodydescription>
        <location file="/var/tmp/gitlab-runner1/builds/mV2grwDe/0/repo/btstack-port-cyal/platform/include/cybt_platform_trace.h" line="80" column="9" bodyfile="/var/tmp/gitlab-runner1/builds/mV2grwDe/0/repo/btstack-port-cyal/platform/include/cybt_platform_trace.h" bodystart="80" bodyend="-1"/>
      </memberdef>
      <memberdef kind="define" id="group__platform__trace_1ga70388a95e5129fbbb4f61515539782fe" prot="public" static="no">
        <name>CYBT_TRACE_ID_ALL</name>
        <initializer>(0xFF)</initializer>
        <briefdescription>
        </briefdescription>
        <detaileddescription>
        </detaileddescription>
        <inbodydescription>
        </inbodydescription>
        <location file="/var/tmp/gitlab-runner1/builds/mV2grwDe/0/repo/btstack-port-cyal/platform/include/cybt_platform_trace.h" line="81" column="9" bodyfile="/var/tmp/gitlab-runner1/builds/mV2grwDe/0/repo/btstack-port-cyal/platform/include/cybt_platform_trace.h" bodystart="81" bodyend="-1"/>
      </memberdef>
      <memberdef kind="define" id="group__platform__trace_1ga9606ce68152dd02a9f27798d2d68c329" prot="public" static="no">
        <name>CYBT_TRACE_LEVEL_NONE</name>
        <initializer>(0)</initializer>
        <briefdescription>
<para>trace level </para>
        </briefdescription>
        <detaileddescription>
        </detaileddescription>
        <inbodydescription>
        </inbodydescription>
        <location file="/var/tmp/gitlab-runner1/builds/mV2grwDe/0/repo/btstack-port-cyal/platform/include/cybt_platform_trace.h" line="87" column="9" bodyfile="/var/tmp/gitlab-runner1/builds/mV2grwDe/0/repo/btstack-port-cyal/platform/include/cybt_platform_trace.h" bodystart="87" bodyend="-1"/>
      </memberdef>
      <memberdef kind="define" id="group__platform__trace_1gaca2702d06b0a043e470d48bbac70082d" prot="public" static="no">
        <name>CYBT_TRACE_LEVEL_ERROR</name>
        <initializer>(1)</initializer>
        <briefdescription>
        </briefdescription>
        <detaileddescription>
        </detaileddescription>
        <inbodydescription>
        </inbodydescription>
        <location file="/var/tmp/gitlab-runner1/builds/mV2grwDe/0/repo/btstack-port-cyal/platform/include/cybt_platform_trace.h" line="88" column="9" bodyfile="/var/tmp/gitlab-runner1/builds/mV2grwDe/0/repo/btstack-port-cyal/platform/include/cybt_platform_trace.h" bodystart="88" bodyend="-1"/>
      </memberdef>
      <memberdef kind="define" id="group__platform__trace_1gad23df6df46f7e020626009d3f3d4ce30" prot="public" static="no">
        <name>CYBT_TRACE_LEVEL_WARNING</name>
        <initializer>(2)</initializer>
        <briefdescription>
        </briefdescription>
        <detaileddescription>
        </detaileddescription>
        <inbodydescription>
        </inbodydescription>
        <location file="/var/tmp/gitlab-runner1/builds/mV2grwDe/0/repo/btstack-port-cyal/platform/include/cybt_platform_trace.h" line="89" column="9" bodyfile="/var/tmp/gitlab-runner1/builds/mV2grwDe/0/repo/btstack-port-cyal/platform/include/cybt_platform_trace.h" bodystart="89" bodyend="-1"/>
      </memberdef>
      <memberdef kind="define" id="group__platform__trace_1ga93c9cacf7db1bead18499f50a3350759" prot="public" static="no">
        <name>CYBT_TRACE_LEVEL_API</name>
        <initializer>(3)</initializer>
        <briefdescription>
        </briefdescription>
        <detaileddescription>
        </detaileddescription>
        <inbodydescription>
        </inbodydescription>
        <location file="/var/tmp/gitlab-runner1/builds/mV2grwDe/0/repo/btstack-port-cyal/platform/include/cybt_platform_trace.h" line="90" column="9" bodyfile="/var/tmp/gitlab-runner1/builds/mV2grwDe/0/repo/btstack-port-cyal/platform/include/cybt_platform_trace.h" bodystart="90" bodyend="-1"/>
      </memberdef>
      <memberdef kind="define" id="group__platform__trace_1gad9ce57bafa65a4bd1274e6bee974c06a" prot="public" static="no">
        <name>CYBT_TRACE_LEVEL_EVENT</name>
        <initializer>(4)</initializer>
        <briefdescription>
        </briefdescription>
        <detaileddescription>
        </detaileddescription>
        <inbodydescription>
        </inbodydescription>
        <location file="/var/tmp/gitlab-runner1/builds/mV2grwDe/0/repo/btstack-port-cyal/platform/include/cybt_platform_trace.h" line="91" column="9" bodyfile="/var/tmp/gitlab-runner1/builds/mV2grwDe/0/repo/btstack-port-cyal/platform/include/cybt_platform_trace.h" bodystart="91" bodyend="-1"/>
      </memberdef>
      <memberdef kind="define" id="group__platform__trace_1ga8810797a61191205e77b8225678956e6" prot="public" static="no">
        <name>CYBT_TRACE_LEVEL_DEBUG</name>
        <initializer>(5)</initializer>
        <briefdescription>
        </briefdescription>
        <detaileddescription>
        </detaileddescription>
        <inbodydescription>
        </inbodydescription>
        <location file="/var/tmp/gitlab-runner1/builds/mV2grwDe/0/repo/btstack-port-cyal/platform/include/cybt_platform_trace.h" line="92" column="9" bodyfile="/var/tmp/gitlab-runner1/builds/mV2grwDe/0/repo/btstack-port-cyal/platform/include/cybt_platform_trace.h" bodystart="92" bodyend="-1"/>
      </memberdef>
      <memberdef kind="define" id="group__platform__trace_1gaac69685a19793a74b502dc2d9486899f" prot="public" static="no">
        <name>CYBT_TRACE_LEVEL_MAX</name>
        <initializer>(6)</initializer>
        <briefdescription>
        </briefdescription>
        <detaileddescription>
        </detaileddescription>
        <inbodydescription>
        </inbodydescription>
        <location file="/var/tmp/gitlab-runner1/builds/mV2grwDe/0/repo/btstack-port-cyal/platform/include/cybt_platform_trace.h" line="93" column="9" bodyfile="/var/tmp/gitlab-runner1/builds/mV2grwDe/0/repo/btstack-port-cyal/platform/include/cybt_platform_trace.h" bodystart="93" bodyend="-1"/>
      </memberdef>
      <memberdef kind="define" id="group__platform__trace_1ga4693027f408219a54e9bdbbd518a1349" prot="public" static="no">
        <name>MAIN_TRACE_ERROR</name>
        <param><defname>...</defname></param>
        <initializer>{if (trace_cb.trace_level[<ref refid="group__platform__trace_1ga7171cf6d4882d16a4f8095996de39ab2" kindref="member">CYBT_TRACE_ID_MAIN</ref>] &gt;= CYBT_TRACE_LEVEL_ERROR) cybt_platform_log_print(__VA_ARGS__);}</initializer>
        <briefdescription>
        </briefdescription>
        <detaileddescription>
        </detaileddescription>
        <inbodydescription>
        </inbodydescription>
        <location file="/var/tmp/gitlab-runner1/builds/mV2grwDe/0/repo/btstack-port-cyal/platform/include/cybt_platform_trace.h" line="116" column="9" bodyfile="/var/tmp/gitlab-runner1/builds/mV2grwDe/0/repo/btstack-port-cyal/platform/include/cybt_platform_trace.h" bodystart="116" bodyend="-1"/>
      </memberdef>
      <memberdef kind="define" id="group__platform__trace_1gaf34780f8606a33e32649aeeec9e0fd8b" prot="public" static="no">
        <name>MAIN_TRACE_WARNING</name>
        <param><defname>...</defname></param>
        <initializer>{if (trace_cb.trace_level[<ref refid="group__platform__trace_1ga7171cf6d4882d16a4f8095996de39ab2" kindref="member">CYBT_TRACE_ID_MAIN</ref>] &gt;= CYBT_TRACE_LEVEL_WARNING) cybt_platform_log_print(__VA_ARGS__);}</initializer>
        <briefdescription>
        </briefdescription>
        <detaileddescription>
        </detaileddescription>
        <inbodydescription>
        </inbodydescription>
        <location file="/var/tmp/gitlab-runner1/builds/mV2grwDe/0/repo/btstack-port-cyal/platform/include/cybt_platform_trace.h" line="117" column="9" bodyfile="/var/tmp/gitlab-runner1/builds/mV2grwDe/0/repo/btstack-port-cyal/platform/include/cybt_platform_trace.h" bodystart="117" bodyend="-1"/>
      </memberdef>
      <memberdef kind="define" id="group__platform__trace_1gafb38a7414371a2c232b111095349a704" prot="public" static="no">
        <name>MAIN_TRACE_API</name>
        <param><defname>...</defname></param>
        <initializer>{if (trace_cb.trace_level[<ref refid="group__platform__trace_1ga7171cf6d4882d16a4f8095996de39ab2" kindref="member">CYBT_TRACE_ID_MAIN</ref>] &gt;= CYBT_TRACE_LEVEL_API) cybt_platform_log_print(__VA_ARGS__);}</initializer>
        <briefdescription>
        </briefdescription>
        <detaileddescription>
        </detaileddescription>
        <inbodydescription>
        </inbodydescription>
        <location file="/var/tmp/gitlab-runner1/builds/mV2grwDe/0/repo/btstack-port-cyal/platform/include/cybt_platform_trace.h" line="118" column="9" bodyfile="/var/tmp/gitlab-runner1/builds/mV2grwDe/0/repo/btstack-port-cyal/platform/include/cybt_platform_trace.h" bodystart="118" bodyend="-1"/>
      </memberdef>
      <memberdef kind="define" id="group__platform__trace_1gac76f1d32c2ff64a8d169feefeb43a361" prot="public" static="no">
        <name>MAIN_TRACE_EVENT</name>
        <param><defname>...</defname></param>
        <initializer>{if (trace_cb.trace_level[<ref refid="group__platform__trace_1ga7171cf6d4882d16a4f8095996de39ab2" kindref="member">CYBT_TRACE_ID_MAIN</ref>] &gt;= CYBT_TRACE_LEVEL_EVENT) cybt_platform_log_print(__VA_ARGS__);}</initializer>
        <briefdescription>
        </briefdescription>
        <detaileddescription>
        </detaileddescription>
        <inbodydescription>
        </inbodydescription>
        <location file="/var/tmp/gitlab-runner1/builds/mV2grwDe/0/repo/btstack-port-cyal/platform/include/cybt_platform_trace.h" line="119" column="9" bodyfile="/var/tmp/gitlab-runner1/builds/mV2grwDe/0/repo/btstack-port-cyal/platform/include/cybt_platform_trace.h" bodystart="119" bodyend="-1"/>
      </memberdef>
      <memberdef kind="define" id="group__platform__trace_1gad79aa89cff23f261b95f94f76c981c51" prot="public" static="no">
        <name>MAIN_TRACE_DEBUG</name>
        <param><defname>...</defname></param>
        <initializer>{if (trace_cb.trace_level[<ref refid="group__platform__trace_1ga7171cf6d4882d16a4f8095996de39ab2" kindref="member">CYBT_TRACE_ID_MAIN</ref>] &gt;= CYBT_TRACE_LEVEL_DEBUG) cybt_platform_log_print(__VA_ARGS__);}</initializer>
        <briefdescription>
        </briefdescription>
        <detaileddescription>
        </detaileddescription>
        <inbodydescription>
        </inbodydescription>
        <location file="/var/tmp/gitlab-runner1/builds/mV2grwDe/0/repo/btstack-port-cyal/platform/include/cybt_platform_trace.h" line="120" column="9" bodyfile="/var/tmp/gitlab-runner1/builds/mV2grwDe/0/repo/btstack-port-cyal/platform/include/cybt_platform_trace.h" bodystart="120" bodyend="-1"/>
      </memberdef>
      <memberdef kind="define" id="group__platform__trace_1ga2e36694c24e1c4f0fc215fc9cc1a264c" prot="public" static="no">
        <name>SPIF_TRACE_ERROR</name>
        <param><defname>...</defname></param>
        <initializer>{if (trace_cb.trace_level[CYBT_TRACE_ID_SPIF] &gt;= CYBT_TRACE_LEVEL_ERROR) cybt_platform_log_print(__VA_ARGS__);}</initializer>
        <briefdescription>
        </briefdescription>
        <detaileddescription>
        </detaileddescription>
        <inbodydescription>
        </inbodydescription>
        <location file="/var/tmp/gitlab-runner1/builds/mV2grwDe/0/repo/btstack-port-cyal/platform/include/cybt_platform_trace.h" line="122" column="9" bodyfile="/var/tmp/gitlab-runner1/builds/mV2grwDe/0/repo/btstack-port-cyal/platform/include/cybt_platform_trace.h" bodystart="122" bodyend="-1"/>
      </memberdef>
      <memberdef kind="define" id="group__platform__trace_1gafca224209a5a65a2b1a013f165f5d4b7" prot="public" static="no">
        <name>SPIF_TRACE_WARNING</name>
        <param><defname>...</defname></param>
        <initializer>{if (trace_cb.trace_level[CYBT_TRACE_ID_SPIF] &gt;= CYBT_TRACE_LEVEL_WARNING) cybt_platform_log_print(__VA_ARGS__);}</initializer>
        <briefdescription>
        </briefdescription>
        <detaileddescription>
        </detaileddescription>
        <inbodydescription>
        </inbodydescription>
        <location file="/var/tmp/gitlab-runner1/builds/mV2grwDe/0/repo/btstack-port-cyal/platform/include/cybt_platform_trace.h" line="123" column="9" bodyfile="/var/tmp/gitlab-runner1/builds/mV2grwDe/0/repo/btstack-port-cyal/platform/include/cybt_platform_trace.h" bodystart="123" bodyend="-1"/>
      </memberdef>
      <memberdef kind="define" id="group__platform__trace_1ga5c62c7ead4402f5f148d6f472ad04197" prot="public" static="no">
        <name>SPIF_TRACE_API</name>
        <param><defname>...</defname></param>
        <initializer>{if (trace_cb.trace_level[CYBT_TRACE_ID_SPIF] &gt;= CYBT_TRACE_LEVEL_API) cybt_platform_log_print(__VA_ARGS__);}</initializer>
        <briefdescription>
        </briefdescription>
        <detaileddescription>
        </detaileddescription>
        <inbodydescription>
        </inbodydescription>
        <location file="/var/tmp/gitlab-runner1/builds/mV2grwDe/0/repo/btstack-port-cyal/platform/include/cybt_platform_trace.h" line="124" column="9" bodyfile="/var/tmp/gitlab-runner1/builds/mV2grwDe/0/repo/btstack-port-cyal/platform/include/cybt_platform_trace.h" bodystart="124" bodyend="-1"/>
      </memberdef>
      <memberdef kind="define" id="group__platform__trace_1ga1d821eabc160c1d6694a14aff9c6a02d" prot="public" static="no">
        <name>SPIF_TRACE_EVENT</name>
        <param><defname>...</defname></param>
        <initializer>{if (trace_cb.trace_level[CYBT_TRACE_ID_SPIF] &gt;= CYBT_TRACE_LEVEL_EVENT) cybt_platform_log_print(__VA_ARGS__);}</initializer>
        <briefdescription>
        </briefdescription>
        <detaileddescription>
        </detaileddescription>
        <inbodydescription>
        </inbodydescription>
        <location file="/var/tmp/gitlab-runner1/builds/mV2grwDe/0/repo/btstack-port-cyal/platform/include/cybt_platform_trace.h" line="125" column="9" bodyfile="/var/tmp/gitlab-runner1/builds/mV2grwDe/0/repo/btstack-port-cyal/platform/include/cybt_platform_trace.h" bodystart="125" bodyend="-1"/>
      </memberdef>
      <memberdef kind="define" id="group__platform__trace_1ga3a87f9784571b45e69aca3f145f4c84b" prot="public" static="no">
        <name>SPIF_TRACE_DEBUG</name>
        <param><defname>...</defname></param>
        <initializer>{if (trace_cb.trace_level[CYBT_TRACE_ID_SPIF] &gt;= CYBT_TRACE_LEVEL_DEBUG) cybt_platform_log_print(__VA_ARGS__);}</initializer>
        <briefdescription>
        </briefdescription>
        <detaileddescription>
        </detaileddescription>
        <inbodydescription>
        </inbodydescription>
        <location file="/var/tmp/gitlab-runner1/builds/mV2grwDe/0/repo/btstack-port-cyal/platform/include/cybt_platform_trace.h" line="126" column="9" bodyfile="/var/tmp/gitlab-runner1/builds/mV2grwDe/0/repo/btstack-port-cyal/platform/include/cybt_platform_trace.h" bodystart="126" bodyend="-1"/>
      </memberdef>
      <memberdef kind="define" id="group__platform__trace_1gaac3d6291f4aca9447f8023fd1ab557b0" prot="public" static="no">
        <name>HCITXTASK_TRACE_ERROR</name>
        <param><defname>...</defname></param>
        <initializer>{if (trace_cb.trace_level[CYBT_TRACE_ID_HCITX_TASK] &gt;= CYBT_TRACE_LEVEL_ERROR) cybt_platform_log_print(__VA_ARGS__);}</initializer>
        <briefdescription>
        </briefdescription>
        <detaileddescription>
        </detaileddescription>
        <inbodydescription>
        </inbodydescription>
        <location file="/var/tmp/gitlab-runner1/builds/mV2grwDe/0/repo/btstack-port-cyal/platform/include/cybt_platform_trace.h" line="128" column="9" bodyfile="/var/tmp/gitlab-runner1/builds/mV2grwDe/0/repo/btstack-port-cyal/platform/include/cybt_platform_trace.h" bodystart="128" bodyend="-1"/>
      </memberdef>
      <memberdef kind="define" id="group__platform__trace_1gad1d7c49b668c2b031e7c30328bc43a6e" prot="public" static="no">
        <name>HCITXTASK_TRACE_WARNING</name>
        <param><defname>...</defname></param>
        <initializer>{if (trace_cb.trace_level[CYBT_TRACE_ID_HCITX_TASK] &gt;= CYBT_TRACE_LEVEL_WARNING) cybt_platform_log_print(__VA_ARGS__);}</initializer>
        <briefdescription>
        </briefdescription>
        <detaileddescription>
        </detaileddescription>
        <inbodydescription>
        </inbodydescription>
        <location file="/var/tmp/gitlab-runner1/builds/mV2grwDe/0/repo/btstack-port-cyal/platform/include/cybt_platform_trace.h" line="129" column="9" bodyfile="/var/tmp/gitlab-runner1/builds/mV2grwDe/0/repo/btstack-port-cyal/platform/include/cybt_platform_trace.h" bodystart="129" bodyend="-1"/>
      </memberdef>
      <memberdef kind="define" id="group__platform__trace_1ga2c624833e4f423527173a556e84e94f9" prot="public" static="no">
        <name>HCITXTASK_TRACE_API</name>
        <param><defname>...</defname></param>
        <initializer>{if (trace_cb.trace_level[CYBT_TRACE_ID_HCITX_TASK] &gt;= CYBT_TRACE_LEVEL_API) cybt_platform_log_print(__VA_ARGS__);}</initializer>
        <briefdescription>
        </briefdescription>
        <detaileddescription>
        </detaileddescription>
        <inbodydescription>
        </inbodydescription>
        <location file="/var/tmp/gitlab-runner1/builds/mV2grwDe/0/repo/btstack-port-cyal/platform/include/cybt_platform_trace.h" line="130" column="9" bodyfile="/var/tmp/gitlab-runner1/builds/mV2grwDe/0/repo/btstack-port-cyal/platform/include/cybt_platform_trace.h" bodystart="130" bodyend="-1"/>
      </memberdef>
      <memberdef kind="define" id="group__platform__trace_1gafe533bfcbeefb268f07dcfef3fece589" prot="public" static="no">
        <name>HCITXTASK_TRACE_EVENT</name>
        <param><defname>...</defname></param>
        <initializer>{if (trace_cb.trace_level[CYBT_TRACE_ID_HCITX_TASK] &gt;= CYBT_TRACE_LEVEL_EVENT) cybt_platform_log_print(__VA_ARGS__);}</initializer>
        <briefdescription>
        </briefdescription>
        <detaileddescription>
        </detaileddescription>
        <inbodydescription>
        </inbodydescription>
        <location file="/var/tmp/gitlab-runner1/builds/mV2grwDe/0/repo/btstack-port-cyal/platform/include/cybt_platform_trace.h" line="131" column="9" bodyfile="/var/tmp/gitlab-runner1/builds/mV2grwDe/0/repo/btstack-port-cyal/platform/include/cybt_platform_trace.h" bodystart="131" bodyend="-1"/>
      </memberdef>
      <memberdef kind="define" id="group__platform__trace_1gac038ed8c76fc4cbf1464cdb356113051" prot="public" static="no">
        <name>HCITXTASK_TRACE_DEBUG</name>
        <param><defname>...</defname></param>
        <initializer>{if (trace_cb.trace_level[CYBT_TRACE_ID_HCITX_TASK] &gt;= CYBT_TRACE_LEVEL_DEBUG) cybt_platform_log_print(__VA_ARGS__);}</initializer>
        <briefdescription>
        </briefdescription>
        <detaileddescription>
        </detaileddescription>
        <inbodydescription>
        </inbodydescription>
        <location file="/var/tmp/gitlab-runner1/builds/mV2grwDe/0/repo/btstack-port-cyal/platform/include/cybt_platform_trace.h" line="132" column="9" bodyfile="/var/tmp/gitlab-runner1/builds/mV2grwDe/0/repo/btstack-port-cyal/platform/include/cybt_platform_trace.h" bodystart="132" bodyend="-1"/>
      </memberdef>
      <memberdef kind="define" id="group__platform__trace_1gae7a7651a8c994137ce0145d52053b31c" prot="public" static="no">
        <name>HCIRXTASK_TRACE_ERROR</name>
        <param><defname>...</defname></param>
        <initializer>{if (trace_cb.trace_level[CYBT_TRACE_ID_HCIRX_TASK] &gt;= CYBT_TRACE_LEVEL_ERROR) cybt_platform_log_print(__VA_ARGS__);}</initializer>
        <briefdescription>
        </briefdescription>
        <detaileddescription>
        </detaileddescription>
        <inbodydescription>
        </inbodydescription>
        <location file="/var/tmp/gitlab-runner1/builds/mV2grwDe/0/repo/btstack-port-cyal/platform/include/cybt_platform_trace.h" line="134" column="9" bodyfile="/var/tmp/gitlab-runner1/builds/mV2grwDe/0/repo/btstack-port-cyal/platform/include/cybt_platform_trace.h" bodystart="134" bodyend="-1"/>
      </memberdef>
      <memberdef kind="define" id="group__platform__trace_1ga12997505d988d8f5e556c90f1e74b047" prot="public" static="no">
        <name>HCIRXTASK_TRACE_WARNING</name>
        <param><defname>...</defname></param>
        <initializer>{if (trace_cb.trace_level[CYBT_TRACE_ID_HCIRX_TASK] &gt;= CYBT_TRACE_LEVEL_WARNING) cybt_platform_log_print(__VA_ARGS__);}</initializer>
        <briefdescription>
        </briefdescription>
        <detaileddescription>
        </detaileddescription>
        <inbodydescription>
        </inbodydescription>
        <location file="/var/tmp/gitlab-runner1/builds/mV2grwDe/0/repo/btstack-port-cyal/platform/include/cybt_platform_trace.h" line="135" column="9" bodyfile="/var/tmp/gitlab-runner1/builds/mV2grwDe/0/repo/btstack-port-cyal/platform/include/cybt_platform_trace.h" bodystart="135" bodyend="-1"/>
      </memberdef>
      <memberdef kind="define" id="group__platform__trace_1gaf80146c14e625b98674b68e434235015" prot="public" static="no">
        <name>HCIRXTASK_TRACE_API</name>
        <param><defname>...</defname></param>
        <initializer>{if (trace_cb.trace_level[CYBT_TRACE_ID_HCIRX_TASK] &gt;= CYBT_TRACE_LEVEL_API) cybt_platform_log_print(__VA_ARGS__);}</initializer>
        <briefdescription>
        </briefdescription>
        <detaileddescription>
        </detaileddescription>
        <inbodydescription>
        </inbodydescription>
        <location file="/var/tmp/gitlab-runner1/builds/mV2grwDe/0/repo/btstack-port-cyal/platform/include/cybt_platform_trace.h" line="136" column="9" bodyfile="/var/tmp/gitlab-runner1/builds/mV2grwDe/0/repo/btstack-port-cyal/platform/include/cybt_platform_trace.h" bodystart="136" bodyend="-1"/>
      </memberdef>
      <memberdef kind="define" id="group__platform__trace_1gab28ed773f9bba5ee2c71c38522c700b4" prot="public" static="no">
        <name>HCIRXTASK_TRACE_EVENT</name>
        <param><defname>...</defname></param>
        <initializer>{if (trace_cb.trace_level[CYBT_TRACE_ID_HCIRX_TASK] &gt;= CYBT_TRACE_LEVEL_EVENT) cybt_platform_log_print(__VA_ARGS__);}</initializer>
        <briefdescription>
        </briefdescription>
        <detaileddescription>
        </detaileddescription>
        <inbodydescription>
        </inbodydescription>
        <location file="/var/tmp/gitlab-runner1/builds/mV2grwDe/0/repo/btstack-port-cyal/platform/include/cybt_platform_trace.h" line="137" column="9" bodyfile="/var/tmp/gitlab-runner1/builds/mV2grwDe/0/repo/btstack-port-cyal/platform/include/cybt_platform_trace.h" bodystart="137" bodyend="-1"/>
      </memberdef>
      <memberdef kind="define" id="group__platform__trace_1ga7e334e969e06ffabf36eeeb20b77daca" prot="public" static="no">
        <name>HCIRXTASK_TRACE_DEBUG</name>
        <param><defname>...</defname></param>
        <initializer>{if (trace_cb.trace_level[CYBT_TRACE_ID_HCIRX_TASK] &gt;= CYBT_TRACE_LEVEL_DEBUG) cybt_platform_log_print(__VA_ARGS__);}</initializer>
        <briefdescription>
        </briefdescription>
        <detaileddescription>
        </detaileddescription>
        <inbodydescription>
        </inbodydescription>
        <location file="/var/tmp/gitlab-runner1/builds/mV2grwDe/0/repo/btstack-port-cyal/platform/include/cybt_platform_trace.h" line="138" column="9" bodyfile="/var/tmp/gitlab-runner1/builds/mV2grwDe/0/repo/btstack-port-cyal/platform/include/cybt_platform_trace.h" bodystart="138" bodyend="-1"/>
      </memberdef>
      <memberdef kind="define" id="group__platform__trace_1gac45d44428aeb1d6ae060af83912667cd" prot="public" static="no">
        <name>HCIDRV_TRACE_ERROR</name>
        <param><defname>...</defname></param>
        <initializer>{if (trace_cb.trace_level[CYBT_TRACE_ID_HCI_DRV] &gt;= CYBT_TRACE_LEVEL_ERROR) cybt_platform_log_print(__VA_ARGS__);}</initializer>
        <briefdescription>
        </briefdescription>
        <detaileddescription>
        </detaileddescription>
        <inbodydescription>
        </inbodydescription>
        <location file="/var/tmp/gitlab-runner1/builds/mV2grwDe/0/repo/btstack-port-cyal/platform/include/cybt_platform_trace.h" line="140" column="9" bodyfile="/var/tmp/gitlab-runner1/builds/mV2grwDe/0/repo/btstack-port-cyal/platform/include/cybt_platform_trace.h" bodystart="140" bodyend="-1"/>
      </memberdef>
      <memberdef kind="define" id="group__platform__trace_1ga3da9750ab3499ca11b56d18ee09e4e46" prot="public" static="no">
        <name>HCIDRV_TRACE_WARNING</name>
        <param><defname>...</defname></param>
        <initializer>{if (trace_cb.trace_level[CYBT_TRACE_ID_HCI_DRV] &gt;= CYBT_TRACE_LEVEL_WARNING) cybt_platform_log_print(__VA_ARGS__);}</initializer>
        <briefdescription>
        </briefdescription>
        <detaileddescription>
        </detaileddescription>
        <inbodydescription>
        </inbodydescription>
        <location file="/var/tmp/gitlab-runner1/builds/mV2grwDe/0/repo/btstack-port-cyal/platform/include/cybt_platform_trace.h" line="141" column="9" bodyfile="/var/tmp/gitlab-runner1/builds/mV2grwDe/0/repo/btstack-port-cyal/platform/include/cybt_platform_trace.h" bodystart="141" bodyend="-1"/>
      </memberdef>
      <memberdef kind="define" id="group__platform__trace_1ga98b1b63edf50ad70852eda2572583ed2" prot="public" static="no">
        <name>HCIDRV_TRACE_API</name>
        <param><defname>...</defname></param>
        <initializer>{if (trace_cb.trace_level[CYBT_TRACE_ID_HCI_DRV] &gt;= CYBT_TRACE_LEVEL_API) cybt_platform_log_print(__VA_ARGS__);}</initializer>
        <briefdescription>
        </briefdescription>
        <detaileddescription>
        </detaileddescription>
        <inbodydescription>
        </inbodydescription>
        <location file="/var/tmp/gitlab-runner1/builds/mV2grwDe/0/repo/btstack-port-cyal/platform/include/cybt_platform_trace.h" line="142" column="9" bodyfile="/var/tmp/gitlab-runner1/builds/mV2grwDe/0/repo/btstack-port-cyal/platform/include/cybt_platform_trace.h" bodystart="142" bodyend="-1"/>
      </memberdef>
      <memberdef kind="define" id="group__platform__trace_1ga53345ce2ce91e90ab091161dec862a93" prot="public" static="no">
        <name>HCIDRV_TRACE_EVENT</name>
        <param><defname>...</defname></param>
        <initializer>{if (trace_cb.trace_level[CYBT_TRACE_ID_HCI_DRV] &gt;= CYBT_TRACE_LEVEL_EVENT) cybt_platform_log_print(__VA_ARGS__);}</initializer>
        <briefdescription>
        </briefdescription>
        <detaileddescription>
        </detaileddescription>
        <inbodydescription>
        </inbodydescription>
        <location file="/var/tmp/gitlab-runner1/builds/mV2grwDe/0/repo/btstack-port-cyal/platform/include/cybt_platform_trace.h" line="143" column="9" bodyfile="/var/tmp/gitlab-runner1/builds/mV2grwDe/0/repo/btstack-port-cyal/platform/include/cybt_platform_trace.h" bodystart="143" bodyend="-1"/>
      </memberdef>
      <memberdef kind="define" id="group__platform__trace_1ga748f70b56e7c1c38ec32e52cfa9e80bf" prot="public" static="no">
        <name>HCIDRV_TRACE_DEBUG</name>
        <param><defname>...</defname></param>
        <initializer>{if (trace_cb.trace_level[CYBT_TRACE_ID_HCI_DRV] &gt;= CYBT_TRACE_LEVEL_DEBUG) cybt_platform_log_print(__VA_ARGS__);}</initializer>
        <briefdescription>
        </briefdescription>
        <detaileddescription>
        </detaileddescription>
        <inbodydescription>
        </inbodydescription>
        <location file="/var/tmp/gitlab-runner1/builds/mV2grwDe/0/repo/btstack-port-cyal/platform/include/cybt_platform_trace.h" line="144" column="9" bodyfile="/var/tmp/gitlab-runner1/builds/mV2grwDe/0/repo/btstack-port-cyal/platform/include/cybt_platform_trace.h" bodystart="144" bodyend="-1"/>
      </memberdef>
      <memberdef kind="define" id="group__platform__trace_1ga05f04ca32c76bc4eece0a3bfdbdea4d7" prot="public" static="no">
        <name>HCILOG_TRACE_ERROR</name>
        <param><defname>...</defname></param>
        <initializer>{if (trace_cb.trace_level[CYBT_TRACE_ID_HCI_LOG] &gt;= CYBT_TRACE_LEVEL_ERROR) cybt_platform_log_print(__VA_ARGS__);}</initializer>
        <briefdescription>
        </briefdescription>
        <detaileddescription>
        </detaileddescription>
        <inbodydescription>
        </inbodydescription>
        <location file="/var/tmp/gitlab-runner1/builds/mV2grwDe/0/repo/btstack-port-cyal/platform/include/cybt_platform_trace.h" line="146" column="9" bodyfile="/var/tmp/gitlab-runner1/builds/mV2grwDe/0/repo/btstack-port-cyal/platform/include/cybt_platform_trace.h" bodystart="146" bodyend="-1"/>
      </memberdef>
      <memberdef kind="define" id="group__platform__trace_1gaf44f715cfa94d272309d981bf7f0f4b1" prot="public" static="no">
        <name>HCILOG_TRACE_WARNING</name>
        <param><defname>...</defname></param>
        <initializer>{if (trace_cb.trace_level[CYBT_TRACE_ID_HCI_LOG] &gt;= CYBT_TRACE_LEVEL_WARNING) cybt_platform_log_print(__VA_ARGS__);}</initializer>
        <briefdescription>
        </briefdescription>
        <detaileddescription>
        </detaileddescription>
        <inbodydescription>
        </inbodydescription>
        <location file="/var/tmp/gitlab-runner1/builds/mV2grwDe/0/repo/btstack-port-cyal/platform/include/cybt_platform_trace.h" line="147" column="9" bodyfile="/var/tmp/gitlab-runner1/builds/mV2grwDe/0/repo/btstack-port-cyal/platform/include/cybt_platform_trace.h" bodystart="147" bodyend="-1"/>
      </memberdef>
      <memberdef kind="define" id="group__platform__trace_1gaa8a7c90a763318b26d162c641f4af0d2" prot="public" static="no">
        <name>HCILOG_TRACE_API</name>
        <param><defname>...</defname></param>
        <initializer>{if (trace_cb.trace_level[CYBT_TRACE_ID_HCI_LOG] &gt;= CYBT_TRACE_LEVEL_API) cybt_platform_log_print(__VA_ARGS__);}</initializer>
        <briefdescription>
        </briefdescription>
        <detaileddescription>
        </detaileddescription>
        <inbodydescription>
        </inbodydescription>
        <location file="/var/tmp/gitlab-runner1/builds/mV2grwDe/0/repo/btstack-port-cyal/platform/include/cybt_platform_trace.h" line="148" column="9" bodyfile="/var/tmp/gitlab-runner1/builds/mV2grwDe/0/repo/btstack-port-cyal/platform/include/cybt_platform_trace.h" bodystart="148" bodyend="-1"/>
      </memberdef>
      <memberdef kind="define" id="group__platform__trace_1ga93eddb1f5c545f7640f2bcd94fd9eb37" prot="public" static="no">
        <name>HCILOG_TRACE_EVENT</name>
        <param><defname>...</defname></param>
        <initializer>{if (trace_cb.trace_level[CYBT_TRACE_ID_HCI_LOG] &gt;= CYBT_TRACE_LEVEL_EVENT) cybt_platform_log_print(__VA_ARGS__);}</initializer>
        <briefdescription>
        </briefdescription>
        <detaileddescription>
        </detaileddescription>
        <inbodydescription>
        </inbodydescription>
        <location file="/var/tmp/gitlab-runner1/builds/mV2grwDe/0/repo/btstack-port-cyal/platform/include/cybt_platform_trace.h" line="149" column="9" bodyfile="/var/tmp/gitlab-runner1/builds/mV2grwDe/0/repo/btstack-port-cyal/platform/include/cybt_platform_trace.h" bodystart="149" bodyend="-1"/>
      </memberdef>
      <memberdef kind="define" id="group__platform__trace_1gaf2d110289245c75e2c45cfd40f875581" prot="public" static="no">
        <name>HCILOG_TRACE_DEBUG</name>
        <param><defname>...</defname></param>
        <initializer>{if (trace_cb.trace_level[CYBT_TRACE_ID_HCI_LOG] &gt;= CYBT_TRACE_LEVEL_DEBUG) cybt_platform_log_print(__VA_ARGS__);}</initializer>
        <briefdescription>
        </briefdescription>
        <detaileddescription>
        </detaileddescription>
        <inbodydescription>
        </inbodydescription>
        <location file="/var/tmp/gitlab-runner1/builds/mV2grwDe/0/repo/btstack-port-cyal/platform/include/cybt_platform_trace.h" line="150" column="9" bodyfile="/var/tmp/gitlab-runner1/builds/mV2grwDe/0/repo/btstack-port-cyal/platform/include/cybt_platform_trace.h" bodystart="150" bodyend="-1"/>
      </memberdef>
      <memberdef kind="define" id="group__platform__trace_1ga402f9c32e6456d1e426fd6f66fd3e21f" prot="public" static="no">
        <name>MEM_TRACE_ERROR</name>
        <param><defname>...</defname></param>
        <initializer>{if (trace_cb.trace_level[CYBT_TRACE_ID_MEMORY] &gt;= CYBT_TRACE_LEVEL_ERROR) cybt_platform_log_print(__VA_ARGS__);}</initializer>
        <briefdescription>
        </briefdescription>
        <detaileddescription>
        </detaileddescription>
        <inbodydescription>
        </inbodydescription>
        <location file="/var/tmp/gitlab-runner1/builds/mV2grwDe/0/repo/btstack-port-cyal/platform/include/cybt_platform_trace.h" line="152" column="9" bodyfile="/var/tmp/gitlab-runner1/builds/mV2grwDe/0/repo/btstack-port-cyal/platform/include/cybt_platform_trace.h" bodystart="152" bodyend="-1"/>
      </memberdef>
      <memberdef kind="define" id="group__platform__trace_1ga011b091527066711172f0763e8819320" prot="public" static="no">
        <name>MEM_TRACE_WARNING</name>
        <param><defname>...</defname></param>
        <initializer>{if (trace_cb.trace_level[CYBT_TRACE_ID_MEMORY] &gt;= CYBT_TRACE_LEVEL_WARNING) cybt_platform_log_print(__VA_ARGS__);}</initializer>
        <briefdescription>
        </briefdescription>
        <detaileddescription>
        </detaileddescription>
        <inbodydescription>
        </inbodydescription>
        <location file="/var/tmp/gitlab-runner1/builds/mV2grwDe/0/repo/btstack-port-cyal/platform/include/cybt_platform_trace.h" line="153" column="9" bodyfile="/var/tmp/gitlab-runner1/builds/mV2grwDe/0/repo/btstack-port-cyal/platform/include/cybt_platform_trace.h" bodystart="153" bodyend="-1"/>
      </memberdef>
      <memberdef kind="define" id="group__platform__trace_1ga90a7449e271e9bfb38635d6b60a6f50f" prot="public" static="no">
        <name>MEM_TRACE_API</name>
        <param><defname>...</defname></param>
        <initializer>{if (trace_cb.trace_level[CYBT_TRACE_ID_MEMORY] &gt;= CYBT_TRACE_LEVEL_API) cybt_platform_log_print(__VA_ARGS__);}</initializer>
        <briefdescription>
        </briefdescription>
        <detaileddescription>
        </detaileddescription>
        <inbodydescription>
        </inbodydescription>
        <location file="/var/tmp/gitlab-runner1/builds/mV2grwDe/0/repo/btstack-port-cyal/platform/include/cybt_platform_trace.h" line="154" column="9" bodyfile="/var/tmp/gitlab-runner1/builds/mV2grwDe/0/repo/btstack-port-cyal/platform/include/cybt_platform_trace.h" bodystart="154" bodyend="-1"/>
      </memberdef>
      <memberdef kind="define" id="group__platform__trace_1gab2319376490833f38d50e154ede7af49" prot="public" static="no">
        <name>MEM_TRACE_EVENT</name>
        <param><defname>...</defname></param>
        <initializer>{if (trace_cb.trace_level[CYBT_TRACE_ID_MEMORY] &gt;= CYBT_TRACE_LEVEL_EVENT) cybt_platform_log_print(__VA_ARGS__);}</initializer>
        <briefdescription>
        </briefdescription>
        <detaileddescription>
        </detaileddescription>
        <inbodydescription>
        </inbodydescription>
        <location file="/var/tmp/gitlab-runner1/builds/mV2grwDe/0/repo/btstack-port-cyal/platform/include/cybt_platform_trace.h" line="155" column="9" bodyfile="/var/tmp/gitlab-runner1/builds/mV2grwDe/0/repo/btstack-port-cyal/platform/include/cybt_platform_trace.h" bodystart="155" bodyend="-1"/>
      </memberdef>
      <memberdef kind="define" id="group__platform__trace_1ga36d8db399eff6bd7c4e0244a372cb38e" prot="public" static="no">
        <name>MEM_TRACE_DEBUG</name>
        <param><defname>...</defname></param>
        <initializer>{if (trace_cb.trace_level[CYBT_TRACE_ID_MEMORY] &gt;= CYBT_TRACE_LEVEL_DEBUG) cybt_platform_log_print(__VA_ARGS__);}</initializer>
        <briefdescription>
        </briefdescription>
        <detaileddescription>
        </detaileddescription>
        <inbodydescription>
        </inbodydescription>
        <location file="/var/tmp/gitlab-runner1/builds/mV2grwDe/0/repo/btstack-port-cyal/platform/include/cybt_platform_trace.h" line="156" column="9" bodyfile="/var/tmp/gitlab-runner1/builds/mV2grwDe/0/repo/btstack-port-cyal/platform/include/cybt_platform_trace.h" bodystart="156" bodyend="-1"/>
      </memberdef>
      <memberdef kind="define" id="group__platform__trace_1ga18fe677928f94742b714ca06fc48a61c" prot="public" static="no">
        <name>PRM_TRACE_ERROR</name>
        <param><defname>...</defname></param>
        <initializer>{if (trace_cb.trace_level[CYBT_TRACE_ID_PRM] &gt;= CYBT_TRACE_LEVEL_ERROR) cybt_platform_log_print(__VA_ARGS__);}</initializer>
        <briefdescription>
        </briefdescription>
        <detaileddescription>
        </detaileddescription>
        <inbodydescription>
        </inbodydescription>
        <location file="/var/tmp/gitlab-runner1/builds/mV2grwDe/0/repo/btstack-port-cyal/platform/include/cybt_platform_trace.h" line="158" column="9" bodyfile="/var/tmp/gitlab-runner1/builds/mV2grwDe/0/repo/btstack-port-cyal/platform/include/cybt_platform_trace.h" bodystart="158" bodyend="-1"/>
      </memberdef>
      <memberdef kind="define" id="group__platform__trace_1gafcc2ff79f92103b10224cf7628cd1836" prot="public" static="no">
        <name>PRM_TRACE_WARNING</name>
        <param><defname>...</defname></param>
        <initializer>{if (trace_cb.trace_level[CYBT_TRACE_ID_PRM] &gt;= CYBT_TRACE_LEVEL_WARNING) cybt_platform_log_print(__VA_ARGS__);}</initializer>
        <briefdescription>
        </briefdescription>
        <detaileddescription>
        </detaileddescription>
        <inbodydescription>
        </inbodydescription>
        <location file="/var/tmp/gitlab-runner1/builds/mV2grwDe/0/repo/btstack-port-cyal/platform/include/cybt_platform_trace.h" line="159" column="9" bodyfile="/var/tmp/gitlab-runner1/builds/mV2grwDe/0/repo/btstack-port-cyal/platform/include/cybt_platform_trace.h" bodystart="159" bodyend="-1"/>
      </memberdef>
      <memberdef kind="define" id="group__platform__trace_1ga723f88937f88f9a368bfc1300a315df3" prot="public" static="no">
        <name>PRM_TRACE_API</name>
        <param><defname>...</defname></param>
        <initializer>{if (trace_cb.trace_level[CYBT_TRACE_ID_PRM] &gt;= CYBT_TRACE_LEVEL_API) cybt_platform_log_print(__VA_ARGS__);}</initializer>
        <briefdescription>
        </briefdescription>
        <detaileddescription>
        </detaileddescription>
        <inbodydescription>
        </inbodydescription>
        <location file="/var/tmp/gitlab-runner1/builds/mV2grwDe/0/repo/btstack-port-cyal/platform/include/cybt_platform_trace.h" line="160" column="9" bodyfile="/var/tmp/gitlab-runner1/builds/mV2grwDe/0/repo/btstack-port-cyal/platform/include/cybt_platform_trace.h" bodystart="160" bodyend="-1"/>
      </memberdef>
      <memberdef kind="define" id="group__platform__trace_1gaff4582faa5e61fdf38151012a35362c3" prot="public" static="no">
        <name>PRM_TRACE_EVENT</name>
        <param><defname>...</defname></param>
        <initializer>{if (trace_cb.trace_level[CYBT_TRACE_ID_PRM] &gt;= CYBT_TRACE_LEVEL_EVENT) cybt_platform_log_print(__VA_ARGS__);}</initializer>
        <briefdescription>
        </briefdescription>
        <detaileddescription>
        </detaileddescription>
        <inbodydescription>
        </inbodydescription>
        <location file="/var/tmp/gitlab-runner1/builds/mV2grwDe/0/repo/btstack-port-cyal/platform/include/cybt_platform_trace.h" line="161" column="9" bodyfile="/var/tmp/gitlab-runner1/builds/mV2grwDe/0/repo/btstack-port-cyal/platform/include/cybt_platform_trace.h" bodystart="161" bodyend="-1"/>
      </memberdef>
      <memberdef kind="define" id="group__platform__trace_1gaa5782ba936941ddc7b7f06290e14683a" prot="public" static="no">
        <name>PRM_TRACE_DEBUG</name>
        <param><defname>...</defname></param>
        <initializer>{if (trace_cb.trace_level[CYBT_TRACE_ID_PRM] &gt;= CYBT_TRACE_LEVEL_DEBUG) cybt_platform_log_print(__VA_ARGS__);}</initializer>
        <briefdescription>
        </briefdescription>
        <detaileddescription>
        </detaileddescription>
        <inbodydescription>
        </inbodydescription>
        <location file="/var/tmp/gitlab-runner1/builds/mV2grwDe/0/repo/btstack-port-cyal/platform/include/cybt_platform_trace.h" line="162" column="9" bodyfile="/var/tmp/gitlab-runner1/builds/mV2grwDe/0/repo/btstack-port-cyal/platform/include/cybt_platform_trace.h" bodystart="162" bodyend="-1"/>
      </memberdef>
      <memberdef kind="define" id="group__platform__trace_1ga6a811599561b1cbb18c074cbe3ff87a4" prot="public" static="no">
        <name>STACK_TRACE_ERROR</name>
        <param><defname>...</defname></param>
        <initializer>{if (trace_cb.trace_level[CYBT_TRACE_ID_STACK] &gt;= CYBT_TRACE_LEVEL_ERROR) cybt_platform_log_print(__VA_ARGS__);}</initializer>
        <briefdescription>
        </briefdescription>
        <detaileddescription>
        </detaileddescription>
        <inbodydescription>
        </inbodydescription>
        <location file="/var/tmp/gitlab-runner1/builds/mV2grwDe/0/repo/btstack-port-cyal/platform/include/cybt_platform_trace.h" line="164" column="9" bodyfile="/var/tmp/gitlab-runner1/builds/mV2grwDe/0/repo/btstack-port-cyal/platform/include/cybt_platform_trace.h" bodystart="164" bodyend="-1"/>
      </memberdef>
      <memberdef kind="define" id="group__platform__trace_1ga9c84833d9a35c5204a93b6687b7e8084" prot="public" static="no">
        <name>STACK_TRACE_WARNING</name>
        <param><defname>...</defname></param>
        <initializer>{if (trace_cb.trace_level[CYBT_TRACE_ID_STACK] &gt;= CYBT_TRACE_LEVEL_WARNING) cybt_platform_log_print(__VA_ARGS__);}</initializer>
        <briefdescription>
        </briefdescription>
        <detaileddescription>
        </detaileddescription>
        <inbodydescription>
        </inbodydescription>
        <location file="/var/tmp/gitlab-runner1/builds/mV2grwDe/0/repo/btstack-port-cyal/platform/include/cybt_platform_trace.h" line="165" column="9" bodyfile="/var/tmp/gitlab-runner1/builds/mV2grwDe/0/repo/btstack-port-cyal/platform/include/cybt_platform_trace.h" bodystart="165" bodyend="-1"/>
      </memberdef>
      <memberdef kind="define" id="group__platform__trace_1gac87ab25c91b82cb0924687bbd63856d2" prot="public" static="no">
        <name>STACK_TRACE_API</name>
        <param><defname>...</defname></param>
        <initializer>{if (trace_cb.trace_level[CYBT_TRACE_ID_STACK] &gt;= CYBT_TRACE_LEVEL_API) cybt_platform_log_print(__VA_ARGS__);}</initializer>
        <briefdescription>
        </briefdescription>
        <detaileddescription>
        </detaileddescription>
        <inbodydescription>
        </inbodydescription>
        <location file="/var/tmp/gitlab-runner1/builds/mV2grwDe/0/repo/btstack-port-cyal/platform/include/cybt_platform_trace.h" line="166" column="9" bodyfile="/var/tmp/gitlab-runner1/builds/mV2grwDe/0/repo/btstack-port-cyal/platform/include/cybt_platform_trace.h" bodystart="166" bodyend="-1"/>
      </memberdef>
      <memberdef kind="define" id="group__platform__trace_1ga41933d7f1c850138c587f96b6bf8436a" prot="public" static="no">
        <name>STACK_TRACE_EVENT</name>
        <param><defname>...</defname></param>
        <initializer>{if (trace_cb.trace_level[CYBT_TRACE_ID_STACK] &gt;= CYBT_TRACE_LEVEL_EVENT) cybt_platform_log_print(__VA_ARGS__);}</initializer>
        <briefdescription>
        </briefdescription>
        <detaileddescription>
        </detaileddescription>
        <inbodydescription>
        </inbodydescription>
        <location file="/var/tmp/gitlab-runner1/builds/mV2grwDe/0/repo/btstack-port-cyal/platform/include/cybt_platform_trace.h" line="167" column="9" bodyfile="/var/tmp/gitlab-runner1/builds/mV2grwDe/0/repo/btstack-port-cyal/platform/include/cybt_platform_trace.h" bodystart="167" bodyend="-1"/>
      </memberdef>
      <memberdef kind="define" id="group__platform__trace_1gaf73ec0fb8b08e80e5ead42eb6d79a0e6" prot="public" static="no">
        <name>STACK_TRACE_DEBUG</name>
        <param><defname>...</defname></param>
        <initializer>{if (trace_cb.trace_level[CYBT_TRACE_ID_STACK] &gt;= CYBT_TRACE_LEVEL_DEBUG) cybt_platform_log_print(__VA_ARGS__);}</initializer>
        <briefdescription>
        </briefdescription>
        <detaileddescription>
        </detaileddescription>
        <inbodydescription>
        </inbodydescription>
        <location file="/var/tmp/gitlab-runner1/builds/mV2grwDe/0/repo/btstack-port-cyal/platform/include/cybt_platform_trace.h" line="168" column="9" bodyfile="/var/tmp/gitlab-runner1/builds/mV2grwDe/0/repo/btstack-port-cyal/platform/include/cybt_platform_trace.h" bodystart="168" bodyend="-1"/>
      </memberdef>
      <memberdef kind="define" id="group__platform__trace_1gad1de351a334200a432c213c7f4dd45b7" prot="public" static="no">
        <name>APP_TRACE_ERROR</name>
        <param><defname>...</defname></param>
        <initializer>{if (trace_cb.trace_level[CYBT_TRACE_ID_APP] &gt;= CYBT_TRACE_LEVEL_ERROR) cybt_platform_log_print(__VA_ARGS__);}</initializer>
        <briefdescription>
        </briefdescription>
        <detaileddescription>
        </detaileddescription>
        <inbodydescription>
        </inbodydescription>
        <location file="/var/tmp/gitlab-runner1/builds/mV2grwDe/0/repo/btstack-port-cyal/platform/include/cybt_platform_trace.h" line="170" column="9" bodyfile="/var/tmp/gitlab-runner1/builds/mV2grwDe/0/repo/btstack-port-cyal/platform/include/cybt_platform_trace.h" bodystart="170" bodyend="-1"/>
      </memberdef>
      <memberdef kind="define" id="group__platform__trace_1ga1915c46defd5a96962de641442b33ac1" prot="public" static="no">
        <name>APP_TRACE_WARNING</name>
        <param><defname>...</defname></param>
        <initializer>{if (trace_cb.trace_level[CYBT_TRACE_ID_APP] &gt;= CYBT_TRACE_LEVEL_WARNING) cybt_platform_log_print(__VA_ARGS__);}</initializer>
        <briefdescription>
        </briefdescription>
        <detaileddescription>
        </detaileddescription>
        <inbodydescription>
        </inbodydescription>
        <location file="/var/tmp/gitlab-runner1/builds/mV2grwDe/0/repo/btstack-port-cyal/platform/include/cybt_platform_trace.h" line="171" column="9" bodyfile="/var/tmp/gitlab-runner1/builds/mV2grwDe/0/repo/btstack-port-cyal/platform/include/cybt_platform_trace.h" bodystart="171" bodyend="-1"/>
      </memberdef>
      <memberdef kind="define" id="group__platform__trace_1gafd4dcaa48bef4105bd5ff2b97773d778" prot="public" static="no">
        <name>APP_TRACE_API</name>
        <param><defname>...</defname></param>
        <initializer>{if (trace_cb.trace_level[CYBT_TRACE_ID_APP] &gt;= CYBT_TRACE_LEVEL_API) cybt_platform_log_print(__VA_ARGS__);}</initializer>
        <briefdescription>
        </briefdescription>
        <detaileddescription>
        </detaileddescription>
        <inbodydescription>
        </inbodydescription>
        <location file="/var/tmp/gitlab-runner1/builds/mV2grwDe/0/repo/btstack-port-cyal/platform/include/cybt_platform_trace.h" line="172" column="9" bodyfile="/var/tmp/gitlab-runner1/builds/mV2grwDe/0/repo/btstack-port-cyal/platform/include/cybt_platform_trace.h" bodystart="172" bodyend="-1"/>
      </memberdef>
      <memberdef kind="define" id="group__platform__trace_1ga5b6639b85d6af32b38303c23db5d88a1" prot="public" static="no">
        <name>APP_TRACE_EVENT</name>
        <param><defname>...</defname></param>
        <initializer>{if (trace_cb.trace_level[CYBT_TRACE_ID_APP] &gt;= CYBT_TRACE_LEVEL_EVENT) cybt_platform_log_print(__VA_ARGS__);}</initializer>
        <briefdescription>
        </briefdescription>
        <detaileddescription>
        </detaileddescription>
        <inbodydescription>
        </inbodydescription>
        <location file="/var/tmp/gitlab-runner1/builds/mV2grwDe/0/repo/btstack-port-cyal/platform/include/cybt_platform_trace.h" line="173" column="9" bodyfile="/var/tmp/gitlab-runner1/builds/mV2grwDe/0/repo/btstack-port-cyal/platform/include/cybt_platform_trace.h" bodystart="173" bodyend="-1"/>
      </memberdef>
      <memberdef kind="define" id="group__platform__trace_1gae9223e675dcf08d3633075b7500a9e87" prot="public" static="no">
        <name>APP_TRACE_DEBUG</name>
        <param><defname>...</defname></param>
        <initializer>{if (trace_cb.trace_level[CYBT_TRACE_ID_APP] &gt;= CYBT_TRACE_LEVEL_DEBUG) cybt_platform_log_print(__VA_ARGS__);}</initializer>
        <briefdescription>
        </briefdescription>
        <detaileddescription>
        </detaileddescription>
        <inbodydescription>
        </inbodydescription>
        <location file="/var/tmp/gitlab-runner1/builds/mV2grwDe/0/repo/btstack-port-cyal/platform/include/cybt_platform_trace.h" line="174" column="9" bodyfile="/var/tmp/gitlab-runner1/builds/mV2grwDe/0/repo/btstack-port-cyal/platform/include/cybt_platform_trace.h" bodystart="174" bodyend="-1"/>
      </memberdef>
      <memberdef kind="define" id="group__platform__trace_1gab580e61f7f10b3fe05da0b91d58f08dc" prot="public" static="no">
        <name>BTTASK_TRACE_ERROR</name>
        <param><defname>...</defname></param>
        <initializer>{if (trace_cb.trace_level[CYBT_TRACE_ID_BT_TASK] &gt;= CYBT_TRACE_LEVEL_ERROR) cybt_platform_log_print(__VA_ARGS__);}</initializer>
        <briefdescription>
        </briefdescription>
        <detaileddescription>
        </detaileddescription>
        <inbodydescription>
        </inbodydescription>
        <location file="/var/tmp/gitlab-runner1/builds/mV2grwDe/0/repo/btstack-port-cyal/platform/include/cybt_platform_trace.h" line="176" column="9" bodyfile="/var/tmp/gitlab-runner1/builds/mV2grwDe/0/repo/btstack-port-cyal/platform/include/cybt_platform_trace.h" bodystart="176" bodyend="-1"/>
      </memberdef>
      <memberdef kind="define" id="group__platform__trace_1ga736b5390c70013979872b480a631b425" prot="public" static="no">
        <name>BTTASK_TRACE_WARNING</name>
        <param><defname>...</defname></param>
        <initializer>{if (trace_cb.trace_level[CYBT_TRACE_ID_BT_TASK] &gt;= CYBT_TRACE_LEVEL_WARNING) cybt_platform_log_print(__VA_ARGS__);}</initializer>
        <briefdescription>
        </briefdescription>
        <detaileddescription>
        </detaileddescription>
        <inbodydescription>
        </inbodydescription>
        <location file="/var/tmp/gitlab-runner1/builds/mV2grwDe/0/repo/btstack-port-cyal/platform/include/cybt_platform_trace.h" line="177" column="9" bodyfile="/var/tmp/gitlab-runner1/builds/mV2grwDe/0/repo/btstack-port-cyal/platform/include/cybt_platform_trace.h" bodystart="177" bodyend="-1"/>
      </memberdef>
      <memberdef kind="define" id="group__platform__trace_1gaa4ad0d935b1b115cc2abbdc64635dd99" prot="public" static="no">
        <name>BTTASK_TRACE_API</name>
        <param><defname>...</defname></param>
        <initializer>{if (trace_cb.trace_level[CYBT_TRACE_ID_BT_TASK] &gt;= CYBT_TRACE_LEVEL_API) cybt_platform_log_print(__VA_ARGS__);}</initializer>
        <briefdescription>
        </briefdescription>
        <detaileddescription>
        </detaileddescription>
        <inbodydescription>
        </inbodydescription>
        <location file="/var/tmp/gitlab-runner1/builds/mV2grwDe/0/repo/btstack-port-cyal/platform/include/cybt_platform_trace.h" line="178" column="9" bodyfile="/var/tmp/gitlab-runner1/builds/mV2grwDe/0/repo/btstack-port-cyal/platform/include/cybt_platform_trace.h" bodystart="178" bodyend="-1"/>
      </memberdef>
      <memberdef kind="define" id="group__platform__trace_1ga0b6c96c5a43972c74fabc52924076055" prot="public" static="no">
        <name>BTTASK_TRACE_EVENT</name>
        <param><defname>...</defname></param>
        <initializer>{if (trace_cb.trace_level[CYBT_TRACE_ID_BT_TASK] &gt;= CYBT_TRACE_LEVEL_EVENT) cybt_platform_log_print(__VA_ARGS__);}</initializer>
        <briefdescription>
        </briefdescription>
        <detaileddescription>
        </detaileddescription>
        <inbodydescription>
        </inbodydescription>
        <location file="/var/tmp/gitlab-runner1/builds/mV2grwDe/0/repo/btstack-port-cyal/platform/include/cybt_platform_trace.h" line="179" column="9" bodyfile="/var/tmp/gitlab-runner1/builds/mV2grwDe/0/repo/btstack-port-cyal/platform/include/cybt_platform_trace.h" bodystart="179" bodyend="-1"/>
      </memberdef>
      <memberdef kind="define" id="group__platform__trace_1ga7958ef6857cf47126bbb17b02ce8f8c6" prot="public" static="no">
        <name>BTTASK_TRACE_DEBUG</name>
        <param><defname>...</defname></param>
        <initializer>{if (trace_cb.trace_level[CYBT_TRACE_ID_BT_TASK] &gt;= CYBT_TRACE_LEVEL_DEBUG) cybt_platform_log_print(__VA_ARGS__);}</initializer>
        <briefdescription>
        </briefdescription>
        <detaileddescription>
        </detaileddescription>
        <inbodydescription>
        </inbodydescription>
        <location file="/var/tmp/gitlab-runner1/builds/mV2grwDe/0/repo/btstack-port-cyal/platform/include/cybt_platform_trace.h" line="180" column="9" bodyfile="/var/tmp/gitlab-runner1/builds/mV2grwDe/0/repo/btstack-port-cyal/platform/include/cybt_platform_trace.h" bodystart="180" bodyend="-1"/>
      </memberdef>
      </sectiondef>
    <briefdescription>
<para>ENABLE the below definition CYBT_PLATFORM_TRACE_ENABLE to have logging functionality by using trace marcos in this file. </para>
    </briefdescription>
    <detaileddescription>
    </detaileddescription>
  </compounddef>
</doxygen>
