<?xml version='1.0' encoding='UTF-8' standalone='no'?>
<doxygen xmlns:xsi="http://www.w3.org/2001/XMLSchema-instance" xsi:noNamespaceSchemaLocation="compound.xsd" version="1.8.15">
  <compounddef id="indexpage" kind="page">
    <compoundname>index</compoundname>
    <title>Bluetooth Host Stack solution</title>
    <briefdescription>
    </briefdescription>
    <detaileddescription>
<para>#AIROC™ BT STack porting layer for CYW20829</para>
<para><heading level="2">Overview</heading>
</para>
<para>The bluetooth-20829 is the adaptation layer (porting layer) between AIROC™ BT STack and Cypress Abstraction Layers (CYHAL and CYOSAL) for CYW20829 BLE platform where the application and host stack are running on the one CM33 core of CYW20829 and BLE controller firmware is running on another CM33 core of CYW20829. The porting layer implements routines to provide OS and memory services from platform and facilitates communication with controller over BT-IPC.</para>
<para><heading level="2">Platform HCI transport config</heading>
</para>
<para>Application shall call <bold><ref refid="group__platform__cfg_1ga1ff2a9935b27efb9639974d6ddc1894a" kindref="member">cybt_platform_config_init( )</ref></bold> API to initialize the porting layer before calling any stack API. IPC hardware is used to communicate with the controller running on CM33 processor, hence the member variable hci_config.hci_transport of input argument <ref refid="structcybt__platform__config__t" kindref="compound">cybt_platform_config_t</ref> shall be set to CYBT_HCI_IPC. Other parameters are ignored by the porting layer.</para>
<para>Please refer to cybt_platform_config.h</para>
<para><itemizedlist>
<listitem><para>structure <bold><ref refid="structcybt__platform__config__t" kindref="compound">cybt_platform_config_t</ref></bold></para>
</listitem><listitem><para>API <bold><ref refid="group__platform__cfg_1ga1ff2a9935b27efb9639974d6ddc1894a" kindref="member">cybt_platform_config_init( )</ref></bold></para>
</listitem></itemizedlist>
</para>
<para><heading level="2">Debug uart configuration</heading>
</para>
<para>The UART on CYW20829 can be configured for capturing application and HCI traces by calling <bold><ref refid="group__debug__uart__cfg_1ga16bde8710d82bdc7086fa44f6103ccf3" kindref="member">cybt_debug_uart_init()</ref></bold> with appropriate configuration in <bold><ref refid="structcybt__debug__uart__config__t" kindref="compound">cybt_debug_uart_config_t</ref></bold>. Passing a valid function pointer to cybt_debug_uart_data_handler_t allows application to handle any data received over UART. However, it can be set to NULL if the application is not required to handle any data. Please refer to cybt_debug_uart.h.</para>
<para><itemizedlist>
<listitem><para>structure <bold><ref refid="structcybt__debug__uart__config__t" kindref="compound">cybt_debug_uart_config_t</ref></bold></para>
</listitem><listitem><para>API <bold><ref refid="group__debug__uart__cfg_1ga16bde8710d82bdc7086fa44f6103ccf3" kindref="member">cybt_debug_uart_init( )</ref></bold></para>
</listitem></itemizedlist>
</para>
<para><heading level="2">Design</heading>
</para>
<para><itemizedlist>
<listitem><para>To initialize the IPC hardware, porting layer calls Cy_BTIPC_Init API and to reset the BLE controller the Porting layer will assert and desserts the reset bit in the group 3 IP(BTSS) slave control register by using Cy_SysClk_PeriGroupSetSlaveCtl API.</para>
</listitem><listitem><para>Porting layer receives HCI events and Command complete events from BLE controller module in IPC buffers via the BT-IPC driver.</para>
</listitem><listitem><para>All received events from BLE controller are enqueued in bt_task_queue. This queue is read from bt_task and the event is conveyed to BTSTACK for further processing. The data received from controller in the shared buffer is copied into a porting layer static buffer for processing and the shared buffer is freed by calling Cy_BTIPC_HCI_RelBuffer API.</para>
</listitem><listitem><para>Porting layer sends hci commands and data to BLE controller by getting IPC shared buffer using Cy_BTIPC_HCI_GetWriteBufPtr API and then calling Cy_BTIPC_HCI_Write API to send the data.</para>
</listitem></itemizedlist>
</para>
<para><heading level="2">API Reference Manual</heading>
</para>
<para><itemizedlist>
<listitem><para><ulink url="https://cypresssemiconductorco.github.io/bluetooth-mbed/api_reference_manual/html/index.html">Bluetooth platform API manual</ulink></para>
</listitem><listitem><para><ulink url="https://cypresssemiconductorco.github.io/btstack/ble/api_reference_manual/html/index.html">Bluetooth stack BLE API manual</ulink></para>
</listitem></itemizedlist>
</para>
<para>© Cypress Semiconductor Corporation, 2020. </para>
    </detaileddescription>
  </compounddef>
</doxygen>
