<?xml version='1.0' encoding='UTF-8' standalone='no'?>
<doxygenindex xmlns:xsi="http://www.w3.org/2001/XMLSchema-instance" xsi:noNamespaceSchemaLocation="index.xsd" version="1.8.15">
  <compound refid="structcybt__controller__config__t" kind="struct"><name>cybt_controller_config_t</name>
    <member refid="structcybt__controller__config__t_1a9e5cb5adc8c877db1dac24b1aa4cbe9b" kind="variable"><name>bt_power_pin</name></member>
    <member refid="structcybt__controller__config__t_1a1e78be8859c64969d25bb35569b3d8be" kind="variable"><name>sleep_mode</name></member>
  </compound>
  <compound refid="structcybt__controller__sleep__config__t" kind="struct"><name>cybt_controller_sleep_config_t</name>
    <member refid="structcybt__controller__sleep__config__t_1a5fa043774551489ef424852728ec39dc" kind="variable"><name>sleep_mode_enabled</name></member>
    <member refid="structcybt__controller__sleep__config__t_1a27cadf5aa335e23250b095f0f213efec" kind="variable"><name>device_wakeup_pin</name></member>
    <member refid="structcybt__controller__sleep__config__t_1ad9491b731323d2e17b6836d26b7b238d" kind="variable"><name>host_wakeup_pin</name></member>
    <member refid="structcybt__controller__sleep__config__t_1af610fc41d1a3984908fafcf00c7ec76e" kind="variable"><name>device_wake_polarity</name></member>
    <member refid="structcybt__controller__sleep__config__t_1a593fd22a6c9987faaef084853b9dd3c6" kind="variable"><name>host_wake_polarity</name></member>
  </compound>
  <compound refid="structcybt__debug__uart__config__t" kind="struct"><name>cybt_debug_uart_config_t</name>
    <member refid="structcybt__debug__uart__config__t_1a704afa40225e32731d606d2488a50496" kind="variable"><name>uart_tx_pin</name></member>
    <member refid="structcybt__debug__uart__config__t_1a109bf7ff2f78d5c2b3d8447ecefbc3e5" kind="variable"><name>uart_rx_pin</name></member>
    <member refid="structcybt__debug__uart__config__t_1a1442253ba42008c899c18fa135bfeb21" kind="variable"><name>uart_rts_pin</name></member>
    <member refid="structcybt__debug__uart__config__t_1ad2a825e22ae429addfec61fe09f3451b" kind="variable"><name>uart_cts_pin</name></member>
    <member refid="structcybt__debug__uart__config__t_1a60d99e8cf844de2b090ac19c3291ee03" kind="variable"><name>baud_rate</name></member>
    <member refid="structcybt__debug__uart__config__t_1adf606b6502f0bb0fdd741edf575599ec" kind="variable"><name>flow_control</name></member>
  </compound>
  <compound refid="structcybt__hci__transport__config__t" kind="struct"><name>cybt_hci_transport_config_t</name>
    <member refid="structcybt__hci__transport__config__t_1a49e2aa2bba549df93cb113ecb293801f" kind="variable"><name>hci_transport</name></member>
    <member refid="structcybt__hci__transport__config__t_1a906d2c4cc61e0cfdff53e7f004ac1396" kind="variable"><name>hci_uart</name></member>
    <member refid="structcybt__hci__transport__config__t_1a3bafc3651d588022944adae874d66e2a" kind="variable"><name>hci</name></member>
  </compound>
  <compound refid="structcybt__hci__uart__config__t" kind="struct"><name>cybt_hci_uart_config_t</name>
    <member refid="structcybt__hci__uart__config__t_1aa9fc00eb1a4889f2a526a3175d57c93c" kind="variable"><name>uart_tx_pin</name></member>
    <member refid="structcybt__hci__uart__config__t_1ac76ec7bcdc6221e98b1bc6fa09b46644" kind="variable"><name>uart_rx_pin</name></member>
    <member refid="structcybt__hci__uart__config__t_1a782d923640613d1e4cf5122e02a0c579" kind="variable"><name>uart_rts_pin</name></member>
    <member refid="structcybt__hci__uart__config__t_1a4ab1e920e897867f8e6bcf55c300b677" kind="variable"><name>uart_cts_pin</name></member>
    <member refid="structcybt__hci__uart__config__t_1ab39743cee6567b888d268b63bc46b257" kind="variable"><name>baud_rate_for_fw_download</name></member>
    <member refid="structcybt__hci__uart__config__t_1ae8006ab108f355520ca3a97e849bd404" kind="variable"><name>baud_rate_for_feature</name></member>
    <member refid="structcybt__hci__uart__config__t_1a7523d7315b657beda91ab9749b2e3539" kind="variable"><name>data_bits</name></member>
    <member refid="structcybt__hci__uart__config__t_1abeabe54dd2ff31c28bf8c53f910e0d39" kind="variable"><name>stop_bits</name></member>
    <member refid="structcybt__hci__uart__config__t_1ad4167be34fe428606a8a84feca8c1cc4" kind="variable"><name>parity</name></member>
    <member refid="structcybt__hci__uart__config__t_1ac3f12365296f74616019face05d4aac8" kind="variable"><name>flow_control</name></member>
  </compound>
  <compound refid="structcybt__platform__config__t" kind="struct"><name>cybt_platform_config_t</name>
    <member refid="structcybt__platform__config__t_1a5ed1a8d945e1ed12a4181df867d41dc7" kind="variable"><name>hci_config</name></member>
    <member refid="structcybt__platform__config__t_1a0ed2b4e529564a9210e5d80c4e59b4bd" kind="variable"><name>controller_config</name></member>
    <member refid="structcybt__platform__config__t_1a31c8f2a35e4006fef44c65bb7dea5d4e" kind="variable"><name>task_mem_pool_size</name></member>
  </compound>
  <compound refid="structcybt__platform__trace__cb__t" kind="struct"><name>cybt_platform_trace_cb_t</name>
    <member refid="structcybt__platform__trace__cb__t_1aff6cbe7223f753c87f870ff5cab4333d" kind="variable"><name>trace_level</name></member>
  </compound>
  <compound refid="cybt__debug__uart_8h" kind="file"><name>cybt_debug_uart.h</name>
    <member refid="group__debug__uart__cfg_1gad9ac57d78f046b0d5dbcf3f32e54e1fd" kind="typedef"><name>cybt_debug_uart_data_handler_t</name></member>
    <member refid="group__debug__uart__cfg_1ga16bde8710d82bdc7086fa44f6103ccf3" kind="function"><name>cybt_debug_uart_init</name></member>
    <member refid="group__debug__uart__cfg_1ga138649c1c5091bd65757aa23db3b55a4" kind="function"><name>cybt_debug_uart_send_trace</name></member>
    <member refid="group__debug__uart__cfg_1ga7a64b5c537dd7068dcbaf5efa6ed57be" kind="function"><name>cybt_debug_uart_send_hci_trace</name></member>
    <member refid="group__debug__uart__cfg_1gaa5b2fd8df23a303ef08508db24792e24" kind="function"><name>cybt_debug_uart_send_data</name></member>
  </compound>
  <compound refid="cybt__platform__config_8h" kind="file"><name>cybt_platform_config.h</name>
    <member refid="group__platform__cfg_1ga71a14bd3046f030353a91683577817a6" kind="define"><name>CYBT_SLEEP_MODE_DISABLED</name></member>
    <member refid="group__platform__cfg_1gad9d80ecaf5864c704c87bd0cf7490659" kind="define"><name>CYBT_SLEEP_MODE_ENABLED</name></member>
    <member refid="group__platform__cfg_1gaf7d41be05e1c430256f65d1219abd831" kind="define"><name>CYBT_WAKE_ACTIVE_LOW</name></member>
    <member refid="group__platform__cfg_1gad8d6dd4f2d7b07a29af54ebf34d9be6e" kind="define"><name>CYBT_WAKE_ACTIVE_HIGH</name></member>
    <member refid="group__platform__cfg_1ga5f6850727c86459c4c6c11c84870d308" kind="enum"><name>cybt_hci_transport_t</name></member>
    <member refid="group__platform__cfg_1gga5f6850727c86459c4c6c11c84870d308af5ee9474117419b2f07127b9ffd0dc99" kind="enumvalue"><name>CYBT_HCI_UNKNOWN</name></member>
    <member refid="group__platform__cfg_1gga5f6850727c86459c4c6c11c84870d308a154733e718f98e13774fb625df3687f3" kind="enumvalue"><name>CYBT_HCI_UART</name></member>
    <member refid="group__platform__cfg_1gga5f6850727c86459c4c6c11c84870d308a48f801ad425fc5626b5c34098bec2501" kind="enumvalue"><name>CYBT_HCI_IPC</name></member>
    <member refid="group__platform__cfg_1gab887149c4cb3cd34b2984638c6c1aebb" kind="enum"><name>cybt_exception_t</name></member>
    <member refid="group__platform__cfg_1ggab887149c4cb3cd34b2984638c6c1aebbabaa7aa6502eac7036fcce924e0dedad7" kind="enumvalue"><name>CYBT_NO_EXCEPTION</name></member>
    <member refid="group__platform__cfg_1ggab887149c4cb3cd34b2984638c6c1aebbae03d841bfda8775d8111602c1e49a948" kind="enumvalue"><name>CYBT_HCI_IPC_REL_BUFFER</name></member>
    <member refid="group__platform__cfg_1ggab887149c4cb3cd34b2984638c6c1aebbad91487056c5b8bf58595982b8a43488e" kind="enumvalue"><name>CYBT_CONTROLLER_CORE_DUMP</name></member>
    <member refid="group__platform__cfg_1ggab887149c4cb3cd34b2984638c6c1aebba8b6e17328b8bb844642c3426418162f3" kind="enumvalue"><name>CYBT_CONTROLLER_RESTARTED</name></member>
    <member refid="group__platform__cfg_1ggab887149c4cb3cd34b2984638c6c1aebbabac28d431cb536959b4db3cbd7c7d7b6" kind="enumvalue"><name>CYBT_MAX_EXCEPTION</name></member>
    <member refid="group__platform__cfg_1ga6a50ab63c021eaee65d2a2ce9ec26833" kind="typedef"><name>cybt_exception_callback_t</name></member>
    <member refid="group__platform__cfg_1ga1ff2a9935b27efb9639974d6ddc1894a" kind="function"><name>cybt_platform_config_init</name></member>
  </compound>
  <compound refid="cybt__platform__interface_8h" kind="file"><name>cybt_platform_interface.h</name>
    <member refid="cybt__platform__interface_8h_1a9300e0eb9926090bb68420072608f7ae" kind="define"><name>CYBT_TRACE_BUFFER_SIZE</name></member>
    <member refid="cybt__platform__interface_8h_1ab6311c3fcc2976e287a70a13da2d6c67" kind="define"><name>BTSTACK_PORTING_SECTION_BEGIN</name></member>
    <member refid="cybt__platform__interface_8h_1ad4d237830a4ce62f60a879518158631a" kind="define"><name>BTSTACK_PORTING_SECTION_END</name></member>
    <member refid="cybt__platform__interface_8h_1a86cec88ff13b9d4150196b87f199e768" kind="function"><name>cybt_platform_init</name></member>
    <member refid="cybt__platform__interface_8h_1a73131701e0d1653e6fdb63bc36d4c7f0" kind="function"><name>cybt_platform_deinit</name></member>
    <member refid="cybt__platform__interface_8h_1aaef264551ca15981fba97c1ca977234b" kind="function"><name>cybt_platform_malloc</name></member>
    <member refid="cybt__platform__interface_8h_1ab782a749df60843b6d1d93b325d4c783" kind="function"><name>cybt_platform_free</name></member>
    <member refid="cybt__platform__interface_8h_1a468663a5855cc06d3271660eced728be" kind="function"><name>cybt_platform_disable_irq</name></member>
    <member refid="cybt__platform__interface_8h_1aec7366686a7423709a938935ef435232" kind="function"><name>cybt_platform_enable_irq</name></member>
    <member refid="cybt__platform__interface_8h_1a63266c3ba4e8863a8cedf129798dc6cf" kind="function"><name>cybt_platform_log_print</name></member>
    <member refid="cybt__platform__interface_8h_1a8dcac5f34f5a4068d759ebf6bf30e95e" kind="function"><name>cybt_platform_get_tick_count_us</name></member>
    <member refid="cybt__platform__interface_8h_1a7878e8cc760de1837b637733901ca979" kind="function"><name>cybt_platform_set_next_timeout</name></member>
  </compound>
  <compound refid="cybt__platform__trace_8h" kind="file"><name>cybt_platform_trace.h</name>
    <member refid="group__platform__trace_1ga6ee1dced2b4da94270e21bbb3d358600" kind="define"><name>CYBT_PLATFORM_TRACE_ENABLE</name></member>
    <member refid="group__platform__trace_1ga2d65faaba8a0734aee6126a1ee99eb90" kind="define"><name>INITIAL_TRACE_LEVEL_MAIN</name></member>
    <member refid="group__platform__trace_1gab141416369a97c8a0ff5ff5b35734694" kind="define"><name>INITIAL_TRACE_LEVEL_SPIF</name></member>
    <member refid="group__platform__trace_1ga649ea6b26acfafe56b53bbde1d2d1cda" kind="define"><name>INITIAL_TRACE_LEVEL_HCITX_TASK</name></member>
    <member refid="group__platform__trace_1gade2c98e5e3aea412014a0ba170776673" kind="define"><name>INITIAL_TRACE_LEVEL_HCIRX_TASK</name></member>
    <member refid="group__platform__trace_1gac56c57bed664812323a8ee66ab60524b" kind="define"><name>INITIAL_TRACE_LEVEL_HCI_DRV</name></member>
    <member refid="group__platform__trace_1gac94383e16c4d36c35399c69328faf2fe" kind="define"><name>INITIAL_TRACE_LEVEL_HCI_LOG</name></member>
    <member refid="group__platform__trace_1ga1a3cd83b11015bbd1f8f2cabe2812c16" kind="define"><name>INITIAL_TRACE_LEVEL_MEMORY</name></member>
    <member refid="group__platform__trace_1ga0daa7136b46a98ace2073adbf4c36098" kind="define"><name>INITIAL_TRACE_LEVEL_PRM</name></member>
    <member refid="group__platform__trace_1ga18134ee925e7e7ea93dfdc543a52c1f7" kind="define"><name>INITIAL_TRACE_LEVEL_STACK</name></member>
    <member refid="group__platform__trace_1gac898c85dfad08061acbbcc299627a347" kind="define"><name>INITIAL_TRACE_LEVEL_APP</name></member>
    <member refid="group__platform__trace_1ga0521dfaba3084df1bb9ad69ac85b94f2" kind="define"><name>INITIAL_TRACE_LEVEL_BT_TASK</name></member>
    <member refid="group__platform__trace_1ga86d500a34c624c2cae56bc25a31b12f3" kind="define"><name>UNUSED</name></member>
    <member refid="group__platform__trace_1ga7171cf6d4882d16a4f8095996de39ab2" kind="define"><name>CYBT_TRACE_ID_MAIN</name></member>
    <member refid="group__platform__trace_1gafe82dd910728cf074689a7c482d1a6f8" kind="define"><name>CYBT_TRACE_ID_SPIF</name></member>
    <member refid="group__platform__trace_1ga2d85554ba330567e69d94ce34a2357a7" kind="define"><name>CYBT_TRACE_ID_HCITX_TASK</name></member>
    <member refid="group__platform__trace_1gad62abb5f816e57051df7b760026c84ea" kind="define"><name>CYBT_TRACE_ID_HCIRX_TASK</name></member>
    <member refid="group__platform__trace_1ga02ecd31ceb703561f6136fb524e77dba" kind="define"><name>CYBT_TRACE_ID_HCI_DRV</name></member>
    <member refid="group__platform__trace_1gaaaa263122f94c508aa91f7da7f6e4a29" kind="define"><name>CYBT_TRACE_ID_HCI_LOG</name></member>
    <member refid="group__platform__trace_1gadf6707c3f7e0d070b2d6227f4de046cd" kind="define"><name>CYBT_TRACE_ID_MEMORY</name></member>
    <member refid="group__platform__trace_1ga60b2374e185cdb17af72500b9e314d6d" kind="define"><name>CYBT_TRACE_ID_PRM</name></member>
    <member refid="group__platform__trace_1gaf4b4a698d40be6644a8a2d086148598c" kind="define"><name>CYBT_TRACE_ID_STACK</name></member>
    <member refid="group__platform__trace_1ga8cdd07a97bc787958a409e94f3667fe1" kind="define"><name>CYBT_TRACE_ID_APP</name></member>
    <member refid="group__platform__trace_1ga5a1386f5d98f2a6d91ae22a7e312956d" kind="define"><name>CYBT_TRACE_ID_BT_TASK</name></member>
    <member refid="group__platform__trace_1ga7c6d79b7e720b49e584efe188b7fc640" kind="define"><name>CYBT_TRACE_ID_MAX</name></member>
    <member refid="group__platform__trace_1ga70388a95e5129fbbb4f61515539782fe" kind="define"><name>CYBT_TRACE_ID_ALL</name></member>
    <member refid="group__platform__trace_1ga9606ce68152dd02a9f27798d2d68c329" kind="define"><name>CYBT_TRACE_LEVEL_NONE</name></member>
    <member refid="group__platform__trace_1gaca2702d06b0a043e470d48bbac70082d" kind="define"><name>CYBT_TRACE_LEVEL_ERROR</name></member>
    <member refid="group__platform__trace_1gad23df6df46f7e020626009d3f3d4ce30" kind="define"><name>CYBT_TRACE_LEVEL_WARNING</name></member>
    <member refid="group__platform__trace_1ga93c9cacf7db1bead18499f50a3350759" kind="define"><name>CYBT_TRACE_LEVEL_API</name></member>
    <member refid="group__platform__trace_1gad9ce57bafa65a4bd1274e6bee974c06a" kind="define"><name>CYBT_TRACE_LEVEL_EVENT</name></member>
    <member refid="group__platform__trace_1ga8810797a61191205e77b8225678956e6" kind="define"><name>CYBT_TRACE_LEVEL_DEBUG</name></member>
    <member refid="group__platform__trace_1gaac69685a19793a74b502dc2d9486899f" kind="define"><name>CYBT_TRACE_LEVEL_MAX</name></member>
    <member refid="group__platform__trace_1ga4693027f408219a54e9bdbbd518a1349" kind="define"><name>MAIN_TRACE_ERROR</name></member>
    <member refid="group__platform__trace_1gaf34780f8606a33e32649aeeec9e0fd8b" kind="define"><name>MAIN_TRACE_WARNING</name></member>
    <member refid="group__platform__trace_1gafb38a7414371a2c232b111095349a704" kind="define"><name>MAIN_TRACE_API</name></member>
    <member refid="group__platform__trace_1gac76f1d32c2ff64a8d169feefeb43a361" kind="define"><name>MAIN_TRACE_EVENT</name></member>
    <member refid="group__platform__trace_1gad79aa89cff23f261b95f94f76c981c51" kind="define"><name>MAIN_TRACE_DEBUG</name></member>
    <member refid="group__platform__trace_1ga2e36694c24e1c4f0fc215fc9cc1a264c" kind="define"><name>SPIF_TRACE_ERROR</name></member>
    <member refid="group__platform__trace_1gafca224209a5a65a2b1a013f165f5d4b7" kind="define"><name>SPIF_TRACE_WARNING</name></member>
    <member refid="group__platform__trace_1ga5c62c7ead4402f5f148d6f472ad04197" kind="define"><name>SPIF_TRACE_API</name></member>
    <member refid="group__platform__trace_1ga1d821eabc160c1d6694a14aff9c6a02d" kind="define"><name>SPIF_TRACE_EVENT</name></member>
    <member refid="group__platform__trace_1ga3a87f9784571b45e69aca3f145f4c84b" kind="define"><name>SPIF_TRACE_DEBUG</name></member>
    <member refid="group__platform__trace_1gaac3d6291f4aca9447f8023fd1ab557b0" kind="define"><name>HCITXTASK_TRACE_ERROR</name></member>
    <member refid="group__platform__trace_1gad1d7c49b668c2b031e7c30328bc43a6e" kind="define"><name>HCITXTASK_TRACE_WARNING</name></member>
    <member refid="group__platform__trace_1ga2c624833e4f423527173a556e84e94f9" kind="define"><name>HCITXTASK_TRACE_API</name></member>
    <member refid="group__platform__trace_1gafe533bfcbeefb268f07dcfef3fece589" kind="define"><name>HCITXTASK_TRACE_EVENT</name></member>
    <member refid="group__platform__trace_1gac038ed8c76fc4cbf1464cdb356113051" kind="define"><name>HCITXTASK_TRACE_DEBUG</name></member>
    <member refid="group__platform__trace_1gae7a7651a8c994137ce0145d52053b31c" kind="define"><name>HCIRXTASK_TRACE_ERROR</name></member>
    <member refid="group__platform__trace_1ga12997505d988d8f5e556c90f1e74b047" kind="define"><name>HCIRXTASK_TRACE_WARNING</name></member>
    <member refid="group__platform__trace_1gaf80146c14e625b98674b68e434235015" kind="define"><name>HCIRXTASK_TRACE_API</name></member>
    <member refid="group__platform__trace_1gab28ed773f9bba5ee2c71c38522c700b4" kind="define"><name>HCIRXTASK_TRACE_EVENT</name></member>
    <member refid="group__platform__trace_1ga7e334e969e06ffabf36eeeb20b77daca" kind="define"><name>HCIRXTASK_TRACE_DEBUG</name></member>
    <member refid="group__platform__trace_1gac45d44428aeb1d6ae060af83912667cd" kind="define"><name>HCIDRV_TRACE_ERROR</name></member>
    <member refid="group__platform__trace_1ga3da9750ab3499ca11b56d18ee09e4e46" kind="define"><name>HCIDRV_TRACE_WARNING</name></member>
    <member refid="group__platform__trace_1ga98b1b63edf50ad70852eda2572583ed2" kind="define"><name>HCIDRV_TRACE_API</name></member>
    <member refid="group__platform__trace_1ga53345ce2ce91e90ab091161dec862a93" kind="define"><name>HCIDRV_TRACE_EVENT</name></member>
    <member refid="group__platform__trace_1ga748f70b56e7c1c38ec32e52cfa9e80bf" kind="define"><name>HCIDRV_TRACE_DEBUG</name></member>
    <member refid="group__platform__trace_1ga05f04ca32c76bc4eece0a3bfdbdea4d7" kind="define"><name>HCILOG_TRACE_ERROR</name></member>
    <member refid="group__platform__trace_1gaf44f715cfa94d272309d981bf7f0f4b1" kind="define"><name>HCILOG_TRACE_WARNING</name></member>
    <member refid="group__platform__trace_1gaa8a7c90a763318b26d162c641f4af0d2" kind="define"><name>HCILOG_TRACE_API</name></member>
    <member refid="group__platform__trace_1ga93eddb1f5c545f7640f2bcd94fd9eb37" kind="define"><name>HCILOG_TRACE_EVENT</name></member>
    <member refid="group__platform__trace_1gaf2d110289245c75e2c45cfd40f875581" kind="define"><name>HCILOG_TRACE_DEBUG</name></member>
    <member refid="group__platform__trace_1ga402f9c32e6456d1e426fd6f66fd3e21f" kind="define"><name>MEM_TRACE_ERROR</name></member>
    <member refid="group__platform__trace_1ga011b091527066711172f0763e8819320" kind="define"><name>MEM_TRACE_WARNING</name></member>
    <member refid="group__platform__trace_1ga90a7449e271e9bfb38635d6b60a6f50f" kind="define"><name>MEM_TRACE_API</name></member>
    <member refid="group__platform__trace_1gab2319376490833f38d50e154ede7af49" kind="define"><name>MEM_TRACE_EVENT</name></member>
    <member refid="group__platform__trace_1ga36d8db399eff6bd7c4e0244a372cb38e" kind="define"><name>MEM_TRACE_DEBUG</name></member>
    <member refid="group__platform__trace_1ga18fe677928f94742b714ca06fc48a61c" kind="define"><name>PRM_TRACE_ERROR</name></member>
    <member refid="group__platform__trace_1gafcc2ff79f92103b10224cf7628cd1836" kind="define"><name>PRM_TRACE_WARNING</name></member>
    <member refid="group__platform__trace_1ga723f88937f88f9a368bfc1300a315df3" kind="define"><name>PRM_TRACE_API</name></member>
    <member refid="group__platform__trace_1gaff4582faa5e61fdf38151012a35362c3" kind="define"><name>PRM_TRACE_EVENT</name></member>
    <member refid="group__platform__trace_1gaa5782ba936941ddc7b7f06290e14683a" kind="define"><name>PRM_TRACE_DEBUG</name></member>
    <member refid="group__platform__trace_1ga6a811599561b1cbb18c074cbe3ff87a4" kind="define"><name>STACK_TRACE_ERROR</name></member>
    <member refid="group__platform__trace_1ga9c84833d9a35c5204a93b6687b7e8084" kind="define"><name>STACK_TRACE_WARNING</name></member>
    <member refid="group__platform__trace_1gac87ab25c91b82cb0924687bbd63856d2" kind="define"><name>STACK_TRACE_API</name></member>
    <member refid="group__platform__trace_1ga41933d7f1c850138c587f96b6bf8436a" kind="define"><name>STACK_TRACE_EVENT</name></member>
    <member refid="group__platform__trace_1gaf73ec0fb8b08e80e5ead42eb6d79a0e6" kind="define"><name>STACK_TRACE_DEBUG</name></member>
    <member refid="group__platform__trace_1gad1de351a334200a432c213c7f4dd45b7" kind="define"><name>APP_TRACE_ERROR</name></member>
    <member refid="group__platform__trace_1ga1915c46defd5a96962de641442b33ac1" kind="define"><name>APP_TRACE_WARNING</name></member>
    <member refid="group__platform__trace_1gafd4dcaa48bef4105bd5ff2b97773d778" kind="define"><name>APP_TRACE_API</name></member>
    <member refid="group__platform__trace_1ga5b6639b85d6af32b38303c23db5d88a1" kind="define"><name>APP_TRACE_EVENT</name></member>
    <member refid="group__platform__trace_1gae9223e675dcf08d3633075b7500a9e87" kind="define"><name>APP_TRACE_DEBUG</name></member>
    <member refid="group__platform__trace_1gab580e61f7f10b3fe05da0b91d58f08dc" kind="define"><name>BTTASK_TRACE_ERROR</name></member>
    <member refid="group__platform__trace_1ga736b5390c70013979872b480a631b425" kind="define"><name>BTTASK_TRACE_WARNING</name></member>
    <member refid="group__platform__trace_1gaa4ad0d935b1b115cc2abbdc64635dd99" kind="define"><name>BTTASK_TRACE_API</name></member>
    <member refid="group__platform__trace_1ga0b6c96c5a43972c74fabc52924076055" kind="define"><name>BTTASK_TRACE_EVENT</name></member>
    <member refid="group__platform__trace_1ga7958ef6857cf47126bbb17b02ce8f8c6" kind="define"><name>BTTASK_TRACE_DEBUG</name></member>
    <member refid="group__platform__trace_1gaed69846bfed5bab2c7db57097c3dcc98" kind="typedef"><name>cybt_trace_id_t</name></member>
    <member refid="group__platform__trace_1ga4d3896459a291d5096506d4bc5987873" kind="typedef"><name>cybt_trace_level_t</name></member>
    <member refid="group__platform__trace_1ga64163a59abafc9e2cb16bb31476aa9f7" kind="variable"><name>trace_cb</name></member>
    <member refid="group__platform__trace_1ga63266c3ba4e8863a8cedf129798dc6cf" kind="function"><name>cybt_platform_log_print</name></member>
    <member refid="group__platform__trace_1gacff449b9b47250c93eb680a49129d9ec" kind="function"><name>cybt_platform_set_trace_level</name></member>
  </compound>
  <compound refid="cybt__platform__util_8h" kind="file"><name>cybt_platform_util.h</name>
    <member refid="cybt__platform__util_8h_1a4bf80996c9c23df64ffae0939d88173f" kind="function"><name>cybt_platform_get_config</name></member>
    <member refid="cybt__platform__util_8h_1a369338eaa157f977a48f8362f9187054" kind="function"><name>cybt_platform_get_sleep_mode_status</name></member>
  </compound>
  <compound refid="cybt__prm_8h" kind="file"><name>cybt_prm.h</name>
    <member refid="cybt__prm_8h_1a1894b31e949b60c63d89f5aa1cb88cec" kind="define"><name>CYBT_PRM_FORMAT_BIN</name></member>
    <member refid="cybt__prm_8h_1af37e003f3792a046c9b5effb9d4ba914" kind="define"><name>CYBT_PRM_FORMAT_HCD</name></member>
    <member refid="cybt__prm_8h_1adf764cbdea00d65edcd07bb9953ad2b7" kind="enum"><name>@1</name></member>
    <member refid="cybt__prm_8h_1adf764cbdea00d65edcd07bb9953ad2b7a6d1e94817d96e4a80e5f924e7c4d5ee6" kind="enumvalue"><name>CYBT_PRM_STS_CONTINUE</name></member>
    <member refid="cybt__prm_8h_1adf764cbdea00d65edcd07bb9953ad2b7aed1d7fc734d4e5242f28160e710b2a16" kind="enumvalue"><name>CYBT_PRM_STS_COMPLETE</name></member>
    <member refid="cybt__prm_8h_1adf764cbdea00d65edcd07bb9953ad2b7a8862f3e31c06d0f301e397d68970b937" kind="enumvalue"><name>CYBT_PRM_STS_ABORT</name></member>
    <member refid="cybt__prm_8h_1a27d29fb02dfb2e43c44443980b77c4cf" kind="typedef"><name>cybt_prm_status_t</name></member>
    <member refid="cybt__prm_8h_1a91c999482e790c7557f1eb2f2d1f51f8" kind="typedef"><name>cybt_prm_format_t</name></member>
    <member refid="cybt__prm_8h_1a0c0badc00d92703eedcf3f771e1b1fe2" kind="typedef"><name>cybt_prm_cback_t</name></member>
    <member refid="cybt__prm_8h_1ab0b21204353603287cf4e0a2cc798784" kind="function"><name>cybt_prm_download</name></member>
  </compound>
  <compound refid="cybt__result_8h" kind="file"><name>cybt_result.h</name>
    <member refid="cybt__result_8h_1acbed65803741994c7aafa1ee3a93952d" kind="enum"><name>cybt_result_t</name></member>
    <member refid="cybt__result_8h_1acbed65803741994c7aafa1ee3a93952daadfc177a0f1068593f19b08bb681be14" kind="enumvalue"><name>CYBT_SUCCESS</name></member>
    <member refid="cybt__result_8h_1acbed65803741994c7aafa1ee3a93952daf1e7786d8e1da4a9c2861845b6dd79ab" kind="enumvalue"><name>CYBT_ERR_BADARG</name></member>
    <member refid="cybt__result_8h_1acbed65803741994c7aafa1ee3a93952da0a5c14deca411d4dca73976270c50611" kind="enumvalue"><name>CYBT_ERR_OUT_OF_MEMORY</name></member>
    <member refid="cybt__result_8h_1acbed65803741994c7aafa1ee3a93952dab3c93fc5e82055c25f8edad319d10818" kind="enumvalue"><name>CYBT_ERR_TIMEOUT</name></member>
    <member refid="cybt__result_8h_1acbed65803741994c7aafa1ee3a93952da217a15949e1deb2aac9048332b29a4fe" kind="enumvalue"><name>CYBT_ERR_HCI_INIT_FAILED</name></member>
    <member refid="cybt__result_8h_1acbed65803741994c7aafa1ee3a93952da5dc2295f01039209cfc6d154d0dc463f" kind="enumvalue"><name>CYBT_ERR_HCI_UNSUPPORTED_IF</name></member>
    <member refid="cybt__result_8h_1acbed65803741994c7aafa1ee3a93952daf73743841cd0c4f78d4f3064b300a207" kind="enumvalue"><name>CYBT_ERR_HCI_UNSUPPORTED_BAUDRATE</name></member>
    <member refid="cybt__result_8h_1acbed65803741994c7aafa1ee3a93952da8a8e626832f2988d0774bfab95b9db04" kind="enumvalue"><name>CYBT_ERR_HCI_NOT_INITIALIZE</name></member>
    <member refid="cybt__result_8h_1acbed65803741994c7aafa1ee3a93952da7f96b7c43a6f5d8b99284d89a866fd4b" kind="enumvalue"><name>CYBT_ERR_HCI_WRITE_FAILED</name></member>
    <member refid="cybt__result_8h_1acbed65803741994c7aafa1ee3a93952da78c26b15c9a115beadab36bb523e2e4a" kind="enumvalue"><name>CYBT_ERR_HCI_READ_FAILED</name></member>
    <member refid="cybt__result_8h_1acbed65803741994c7aafa1ee3a93952da0c30b6dac99e112c411991281368f431" kind="enumvalue"><name>CYBT_ERR_HCI_GET_TX_MUTEX_FAILED</name></member>
    <member refid="cybt__result_8h_1acbed65803741994c7aafa1ee3a93952dae700ab1142f43f8dd7c3dc06bbfaefce" kind="enumvalue"><name>CYBT_ERR_HCI_GET_RX_MUTEX_FAILED</name></member>
    <member refid="cybt__result_8h_1acbed65803741994c7aafa1ee3a93952da69ff2a4bc4bee85bb2d138bf014585ff" kind="enumvalue"><name>CYBT_ERR_HCI_SET_BAUDRATE_FAILED</name></member>
    <member refid="cybt__result_8h_1acbed65803741994c7aafa1ee3a93952da335dbc6c54cf3cbd5b5abaeb2aada3fa" kind="enumvalue"><name>CYBT_ERR_HCI_SET_FLOW_CTRL_FAILED</name></member>
    <member refid="cybt__result_8h_1acbed65803741994c7aafa1ee3a93952da2c35d8b9ea5b6bb2364e80acbee177b4" kind="enumvalue"><name>CYBT_ERR_INIT_MEMPOOL_FAILED</name></member>
    <member refid="cybt__result_8h_1acbed65803741994c7aafa1ee3a93952daf9229ce8fbfeaccacda1765dd465f18d" kind="enumvalue"><name>CYBT_ERR_INIT_QUEUE_FAILED</name></member>
    <member refid="cybt__result_8h_1acbed65803741994c7aafa1ee3a93952da055b74acd154a1a520885452e9494d53" kind="enumvalue"><name>CYBT_ERR_CREATE_TASK_FAILED</name></member>
    <member refid="cybt__result_8h_1acbed65803741994c7aafa1ee3a93952daf6beee9e145d3e2019605986ee124e81" kind="enumvalue"><name>CYBT_ERR_SEND_QUEUE_FAILED</name></member>
    <member refid="cybt__result_8h_1acbed65803741994c7aafa1ee3a93952dac7d162259070513a919d4517a454afd7" kind="enumvalue"><name>CYBT_ERR_MEMPOOL_NOT_INITIALIZE</name></member>
    <member refid="cybt__result_8h_1acbed65803741994c7aafa1ee3a93952da8eb4f6865529fd30a98e104494c67092" kind="enumvalue"><name>CYBT_ERR_QUEUE_ALMOST_FULL</name></member>
    <member refid="cybt__result_8h_1acbed65803741994c7aafa1ee3a93952da4aeb8543182df01978d0b2cf009b043f" kind="enumvalue"><name>CYBT_ERR_QUEUE_FULL</name></member>
    <member refid="cybt__result_8h_1acbed65803741994c7aafa1ee3a93952da5c62b1012b5c798d3df8e810630a758b" kind="enumvalue"><name>CYBT_ERR_GPIO_POWER_INIT_FAILED</name></member>
    <member refid="cybt__result_8h_1acbed65803741994c7aafa1ee3a93952da38865ec95224dce0e7f5537ddd351b5f" kind="enumvalue"><name>CYBT_ERR_GPIO_DEV_WAKE_INIT_FAILED</name></member>
    <member refid="cybt__result_8h_1acbed65803741994c7aafa1ee3a93952da573feaa6c67eb8b99cf2c4f7dbe9abc1" kind="enumvalue"><name>CYBT_ERR_GPIO_HOST_WAKE_INIT_FAILED</name></member>
    <member refid="cybt__result_8h_1acbed65803741994c7aafa1ee3a93952da93d0815593c928b1e6d22610c9065bfb" kind="enumvalue"><name>CYBT_ERR_GENERIC</name></member>
    <member refid="cybt__result_8h_1acbed65803741994c7aafa1ee3a93952daa16988c0189d27b47a9d73d08e66a88d" kind="enumvalue"><name>CYBT_ERR_HCI_IPC_INIT_FAILED</name></member>
    <member refid="cybt__result_8h_1acbed65803741994c7aafa1ee3a93952da9b6cf3bd79786b1773a3dd5bb265298b" kind="enumvalue"><name>CYBT_ERR_HCI_IPC_DEINIT_FAILED</name></member>
    <member refid="cybt__result_8h_1acbed65803741994c7aafa1ee3a93952dac064e3fdfec2a85d07d6f51fa6baefd9" kind="enumvalue"><name>CYBT_ERR_HCI_IPC_GET_PTI_FAILED</name></member>
    <member refid="cybt__result_8h_1acbed65803741994c7aafa1ee3a93952da96b4f12882ac53f9bc9223153bc3c8f9" kind="enumvalue"><name>CYBT_ERR_HCI_IPC_REL_BUFFER_FAILED</name></member>
    <member refid="cybt__result_8h_1acbed65803741994c7aafa1ee3a93952daef92358299ba8b9355a4e211b210af20" kind="enumvalue"><name>CYBT_ERR_HCI_IPC_REL_CHNL_FAILED</name></member>
    <member refid="cybt__result_8h_1acbed65803741994c7aafa1ee3a93952dab0448872188f38473d8019d7d1a2b489" kind="enumvalue"><name>CYBT_ERR_HCI_IPC_GET_FIFO_FAILED</name></member>
    <member refid="cybt__result_8h_1acbed65803741994c7aafa1ee3a93952da9e995d19919ca570dc4fe76c57f34e3a" kind="enumvalue"><name>CYBT_ERR_INIT_EVENT_FAILED</name></member>
  </compound>
  <compound refid="_r_e_a_d_m_e__20829_8md" kind="file"><name>README_20829.md</name>
  </compound>
  <compound refid="group__debug__uart__cfg" kind="group"><name>debug_uart_cfg</name>
    <member refid="group__debug__uart__cfg_1gad9ac57d78f046b0d5dbcf3f32e54e1fd" kind="typedef"><name>cybt_debug_uart_data_handler_t</name></member>
    <member refid="group__debug__uart__cfg_1ga16bde8710d82bdc7086fa44f6103ccf3" kind="function"><name>cybt_debug_uart_init</name></member>
    <member refid="group__debug__uart__cfg_1ga138649c1c5091bd65757aa23db3b55a4" kind="function"><name>cybt_debug_uart_send_trace</name></member>
    <member refid="group__debug__uart__cfg_1ga7a64b5c537dd7068dcbaf5efa6ed57be" kind="function"><name>cybt_debug_uart_send_hci_trace</name></member>
    <member refid="group__debug__uart__cfg_1gaa5b2fd8df23a303ef08508db24792e24" kind="function"><name>cybt_debug_uart_send_data</name></member>
  </compound>
  <compound refid="group__platform__cfg" kind="group"><name>platform_cfg</name>
    <member refid="group__platform__cfg_1ga5f6850727c86459c4c6c11c84870d308" kind="enum"><name>cybt_hci_transport_t</name></member>
    <member refid="group__platform__cfg_1gga5f6850727c86459c4c6c11c84870d308af5ee9474117419b2f07127b9ffd0dc99" kind="enumvalue"><name>CYBT_HCI_UNKNOWN</name></member>
    <member refid="group__platform__cfg_1gga5f6850727c86459c4c6c11c84870d308a154733e718f98e13774fb625df3687f3" kind="enumvalue"><name>CYBT_HCI_UART</name></member>
    <member refid="group__platform__cfg_1gga5f6850727c86459c4c6c11c84870d308a48f801ad425fc5626b5c34098bec2501" kind="enumvalue"><name>CYBT_HCI_IPC</name></member>
    <member refid="group__platform__cfg_1gab887149c4cb3cd34b2984638c6c1aebb" kind="enum"><name>cybt_exception_t</name></member>
    <member refid="group__platform__cfg_1ggab887149c4cb3cd34b2984638c6c1aebbabaa7aa6502eac7036fcce924e0dedad7" kind="enumvalue"><name>CYBT_NO_EXCEPTION</name></member>
    <member refid="group__platform__cfg_1ggab887149c4cb3cd34b2984638c6c1aebbae03d841bfda8775d8111602c1e49a948" kind="enumvalue"><name>CYBT_HCI_IPC_REL_BUFFER</name></member>
    <member refid="group__platform__cfg_1ggab887149c4cb3cd34b2984638c6c1aebbad91487056c5b8bf58595982b8a43488e" kind="enumvalue"><name>CYBT_CONTROLLER_CORE_DUMP</name></member>
    <member refid="group__platform__cfg_1ggab887149c4cb3cd34b2984638c6c1aebba8b6e17328b8bb844642c3426418162f3" kind="enumvalue"><name>CYBT_CONTROLLER_RESTARTED</name></member>
    <member refid="group__platform__cfg_1ggab887149c4cb3cd34b2984638c6c1aebbabac28d431cb536959b4db3cbd7c7d7b6" kind="enumvalue"><name>CYBT_MAX_EXCEPTION</name></member>
    <member refid="group__platform__cfg_1ga6a50ab63c021eaee65d2a2ce9ec26833" kind="typedef"><name>cybt_exception_callback_t</name></member>
    <member refid="group__platform__cfg_1ga1ff2a9935b27efb9639974d6ddc1894a" kind="function"><name>cybt_platform_config_init</name></member>
    <member refid="group__platform__cfg_1ga71a14bd3046f030353a91683577817a6" kind="define"><name>CYBT_SLEEP_MODE_DISABLED</name></member>
    <member refid="group__platform__cfg_1gad9d80ecaf5864c704c87bd0cf7490659" kind="define"><name>CYBT_SLEEP_MODE_ENABLED</name></member>
    <member refid="group__platform__cfg_1gaf7d41be05e1c430256f65d1219abd831" kind="define"><name>CYBT_WAKE_ACTIVE_LOW</name></member>
    <member refid="group__platform__cfg_1gad8d6dd4f2d7b07a29af54ebf34d9be6e" kind="define"><name>CYBT_WAKE_ACTIVE_HIGH</name></member>
  </compound>
  <compound refid="group__platform__trace" kind="group"><name>platform_trace</name>
    <member refid="group__platform__trace_1gaed69846bfed5bab2c7db57097c3dcc98" kind="typedef"><name>cybt_trace_id_t</name></member>
    <member refid="group__platform__trace_1ga4d3896459a291d5096506d4bc5987873" kind="typedef"><name>cybt_trace_level_t</name></member>
    <member refid="group__platform__trace_1ga64163a59abafc9e2cb16bb31476aa9f7" kind="variable"><name>trace_cb</name></member>
    <member refid="group__platform__trace_1ga63266c3ba4e8863a8cedf129798dc6cf" kind="function"><name>cybt_platform_log_print</name></member>
    <member refid="group__platform__trace_1gacff449b9b47250c93eb680a49129d9ec" kind="function"><name>cybt_platform_set_trace_level</name></member>
    <member refid="group__platform__trace_1ga6ee1dced2b4da94270e21bbb3d358600" kind="define"><name>CYBT_PLATFORM_TRACE_ENABLE</name></member>
    <member refid="group__platform__trace_1ga2d65faaba8a0734aee6126a1ee99eb90" kind="define"><name>INITIAL_TRACE_LEVEL_MAIN</name></member>
    <member refid="group__platform__trace_1gab141416369a97c8a0ff5ff5b35734694" kind="define"><name>INITIAL_TRACE_LEVEL_SPIF</name></member>
    <member refid="group__platform__trace_1ga649ea6b26acfafe56b53bbde1d2d1cda" kind="define"><name>INITIAL_TRACE_LEVEL_HCITX_TASK</name></member>
    <member refid="group__platform__trace_1gade2c98e5e3aea412014a0ba170776673" kind="define"><name>INITIAL_TRACE_LEVEL_HCIRX_TASK</name></member>
    <member refid="group__platform__trace_1gac56c57bed664812323a8ee66ab60524b" kind="define"><name>INITIAL_TRACE_LEVEL_HCI_DRV</name></member>
    <member refid="group__platform__trace_1gac94383e16c4d36c35399c69328faf2fe" kind="define"><name>INITIAL_TRACE_LEVEL_HCI_LOG</name></member>
    <member refid="group__platform__trace_1ga1a3cd83b11015bbd1f8f2cabe2812c16" kind="define"><name>INITIAL_TRACE_LEVEL_MEMORY</name></member>
    <member refid="group__platform__trace_1ga0daa7136b46a98ace2073adbf4c36098" kind="define"><name>INITIAL_TRACE_LEVEL_PRM</name></member>
    <member refid="group__platform__trace_1ga18134ee925e7e7ea93dfdc543a52c1f7" kind="define"><name>INITIAL_TRACE_LEVEL_STACK</name></member>
    <member refid="group__platform__trace_1gac898c85dfad08061acbbcc299627a347" kind="define"><name>INITIAL_TRACE_LEVEL_APP</name></member>
    <member refid="group__platform__trace_1ga0521dfaba3084df1bb9ad69ac85b94f2" kind="define"><name>INITIAL_TRACE_LEVEL_BT_TASK</name></member>
    <member refid="group__platform__trace_1ga86d500a34c624c2cae56bc25a31b12f3" kind="define"><name>UNUSED</name></member>
    <member refid="group__platform__trace_1ga7171cf6d4882d16a4f8095996de39ab2" kind="define"><name>CYBT_TRACE_ID_MAIN</name></member>
    <member refid="group__platform__trace_1gafe82dd910728cf074689a7c482d1a6f8" kind="define"><name>CYBT_TRACE_ID_SPIF</name></member>
    <member refid="group__platform__trace_1ga2d85554ba330567e69d94ce34a2357a7" kind="define"><name>CYBT_TRACE_ID_HCITX_TASK</name></member>
    <member refid="group__platform__trace_1gad62abb5f816e57051df7b760026c84ea" kind="define"><name>CYBT_TRACE_ID_HCIRX_TASK</name></member>
    <member refid="group__platform__trace_1ga02ecd31ceb703561f6136fb524e77dba" kind="define"><name>CYBT_TRACE_ID_HCI_DRV</name></member>
    <member refid="group__platform__trace_1gaaaa263122f94c508aa91f7da7f6e4a29" kind="define"><name>CYBT_TRACE_ID_HCI_LOG</name></member>
    <member refid="group__platform__trace_1gadf6707c3f7e0d070b2d6227f4de046cd" kind="define"><name>CYBT_TRACE_ID_MEMORY</name></member>
    <member refid="group__platform__trace_1ga60b2374e185cdb17af72500b9e314d6d" kind="define"><name>CYBT_TRACE_ID_PRM</name></member>
    <member refid="group__platform__trace_1gaf4b4a698d40be6644a8a2d086148598c" kind="define"><name>CYBT_TRACE_ID_STACK</name></member>
    <member refid="group__platform__trace_1ga8cdd07a97bc787958a409e94f3667fe1" kind="define"><name>CYBT_TRACE_ID_APP</name></member>
    <member refid="group__platform__trace_1ga5a1386f5d98f2a6d91ae22a7e312956d" kind="define"><name>CYBT_TRACE_ID_BT_TASK</name></member>
    <member refid="group__platform__trace_1ga7c6d79b7e720b49e584efe188b7fc640" kind="define"><name>CYBT_TRACE_ID_MAX</name></member>
    <member refid="group__platform__trace_1ga70388a95e5129fbbb4f61515539782fe" kind="define"><name>CYBT_TRACE_ID_ALL</name></member>
    <member refid="group__platform__trace_1ga9606ce68152dd02a9f27798d2d68c329" kind="define"><name>CYBT_TRACE_LEVEL_NONE</name></member>
    <member refid="group__platform__trace_1gaca2702d06b0a043e470d48bbac70082d" kind="define"><name>CYBT_TRACE_LEVEL_ERROR</name></member>
    <member refid="group__platform__trace_1gad23df6df46f7e020626009d3f3d4ce30" kind="define"><name>CYBT_TRACE_LEVEL_WARNING</name></member>
    <member refid="group__platform__trace_1ga93c9cacf7db1bead18499f50a3350759" kind="define"><name>CYBT_TRACE_LEVEL_API</name></member>
    <member refid="group__platform__trace_1gad9ce57bafa65a4bd1274e6bee974c06a" kind="define"><name>CYBT_TRACE_LEVEL_EVENT</name></member>
    <member refid="group__platform__trace_1ga8810797a61191205e77b8225678956e6" kind="define"><name>CYBT_TRACE_LEVEL_DEBUG</name></member>
    <member refid="group__platform__trace_1gaac69685a19793a74b502dc2d9486899f" kind="define"><name>CYBT_TRACE_LEVEL_MAX</name></member>
    <member refid="group__platform__trace_1ga4693027f408219a54e9bdbbd518a1349" kind="define"><name>MAIN_TRACE_ERROR</name></member>
    <member refid="group__platform__trace_1gaf34780f8606a33e32649aeeec9e0fd8b" kind="define"><name>MAIN_TRACE_WARNING</name></member>
    <member refid="group__platform__trace_1gafb38a7414371a2c232b111095349a704" kind="define"><name>MAIN_TRACE_API</name></member>
    <member refid="group__platform__trace_1gac76f1d32c2ff64a8d169feefeb43a361" kind="define"><name>MAIN_TRACE_EVENT</name></member>
    <member refid="group__platform__trace_1gad79aa89cff23f261b95f94f76c981c51" kind="define"><name>MAIN_TRACE_DEBUG</name></member>
    <member refid="group__platform__trace_1ga2e36694c24e1c4f0fc215fc9cc1a264c" kind="define"><name>SPIF_TRACE_ERROR</name></member>
    <member refid="group__platform__trace_1gafca224209a5a65a2b1a013f165f5d4b7" kind="define"><name>SPIF_TRACE_WARNING</name></member>
    <member refid="group__platform__trace_1ga5c62c7ead4402f5f148d6f472ad04197" kind="define"><name>SPIF_TRACE_API</name></member>
    <member refid="group__platform__trace_1ga1d821eabc160c1d6694a14aff9c6a02d" kind="define"><name>SPIF_TRACE_EVENT</name></member>
    <member refid="group__platform__trace_1ga3a87f9784571b45e69aca3f145f4c84b" kind="define"><name>SPIF_TRACE_DEBUG</name></member>
    <member refid="group__platform__trace_1gaac3d6291f4aca9447f8023fd1ab557b0" kind="define"><name>HCITXTASK_TRACE_ERROR</name></member>
    <member refid="group__platform__trace_1gad1d7c49b668c2b031e7c30328bc43a6e" kind="define"><name>HCITXTASK_TRACE_WARNING</name></member>
    <member refid="group__platform__trace_1ga2c624833e4f423527173a556e84e94f9" kind="define"><name>HCITXTASK_TRACE_API</name></member>
    <member refid="group__platform__trace_1gafe533bfcbeefb268f07dcfef3fece589" kind="define"><name>HCITXTASK_TRACE_EVENT</name></member>
    <member refid="group__platform__trace_1gac038ed8c76fc4cbf1464cdb356113051" kind="define"><name>HCITXTASK_TRACE_DEBUG</name></member>
    <member refid="group__platform__trace_1gae7a7651a8c994137ce0145d52053b31c" kind="define"><name>HCIRXTASK_TRACE_ERROR</name></member>
    <member refid="group__platform__trace_1ga12997505d988d8f5e556c90f1e74b047" kind="define"><name>HCIRXTASK_TRACE_WARNING</name></member>
    <member refid="group__platform__trace_1gaf80146c14e625b98674b68e434235015" kind="define"><name>HCIRXTASK_TRACE_API</name></member>
    <member refid="group__platform__trace_1gab28ed773f9bba5ee2c71c38522c700b4" kind="define"><name>HCIRXTASK_TRACE_EVENT</name></member>
    <member refid="group__platform__trace_1ga7e334e969e06ffabf36eeeb20b77daca" kind="define"><name>HCIRXTASK_TRACE_DEBUG</name></member>
    <member refid="group__platform__trace_1gac45d44428aeb1d6ae060af83912667cd" kind="define"><name>HCIDRV_TRACE_ERROR</name></member>
    <member refid="group__platform__trace_1ga3da9750ab3499ca11b56d18ee09e4e46" kind="define"><name>HCIDRV_TRACE_WARNING</name></member>
    <member refid="group__platform__trace_1ga98b1b63edf50ad70852eda2572583ed2" kind="define"><name>HCIDRV_TRACE_API</name></member>
    <member refid="group__platform__trace_1ga53345ce2ce91e90ab091161dec862a93" kind="define"><name>HCIDRV_TRACE_EVENT</name></member>
    <member refid="group__platform__trace_1ga748f70b56e7c1c38ec32e52cfa9e80bf" kind="define"><name>HCIDRV_TRACE_DEBUG</name></member>
    <member refid="group__platform__trace_1ga05f04ca32c76bc4eece0a3bfdbdea4d7" kind="define"><name>HCILOG_TRACE_ERROR</name></member>
    <member refid="group__platform__trace_1gaf44f715cfa94d272309d981bf7f0f4b1" kind="define"><name>HCILOG_TRACE_WARNING</name></member>
    <member refid="group__platform__trace_1gaa8a7c90a763318b26d162c641f4af0d2" kind="define"><name>HCILOG_TRACE_API</name></member>
    <member refid="group__platform__trace_1ga93eddb1f5c545f7640f2bcd94fd9eb37" kind="define"><name>HCILOG_TRACE_EVENT</name></member>
    <member refid="group__platform__trace_1gaf2d110289245c75e2c45cfd40f875581" kind="define"><name>HCILOG_TRACE_DEBUG</name></member>
    <member refid="group__platform__trace_1ga402f9c32e6456d1e426fd6f66fd3e21f" kind="define"><name>MEM_TRACE_ERROR</name></member>
    <member refid="group__platform__trace_1ga011b091527066711172f0763e8819320" kind="define"><name>MEM_TRACE_WARNING</name></member>
    <member refid="group__platform__trace_1ga90a7449e271e9bfb38635d6b60a6f50f" kind="define"><name>MEM_TRACE_API</name></member>
    <member refid="group__platform__trace_1gab2319376490833f38d50e154ede7af49" kind="define"><name>MEM_TRACE_EVENT</name></member>
    <member refid="group__platform__trace_1ga36d8db399eff6bd7c4e0244a372cb38e" kind="define"><name>MEM_TRACE_DEBUG</name></member>
    <member refid="group__platform__trace_1ga18fe677928f94742b714ca06fc48a61c" kind="define"><name>PRM_TRACE_ERROR</name></member>
    <member refid="group__platform__trace_1gafcc2ff79f92103b10224cf7628cd1836" kind="define"><name>PRM_TRACE_WARNING</name></member>
    <member refid="group__platform__trace_1ga723f88937f88f9a368bfc1300a315df3" kind="define"><name>PRM_TRACE_API</name></member>
    <member refid="group__platform__trace_1gaff4582faa5e61fdf38151012a35362c3" kind="define"><name>PRM_TRACE_EVENT</name></member>
    <member refid="group__platform__trace_1gaa5782ba936941ddc7b7f06290e14683a" kind="define"><name>PRM_TRACE_DEBUG</name></member>
    <member refid="group__platform__trace_1ga6a811599561b1cbb18c074cbe3ff87a4" kind="define"><name>STACK_TRACE_ERROR</name></member>
    <member refid="group__platform__trace_1ga9c84833d9a35c5204a93b6687b7e8084" kind="define"><name>STACK_TRACE_WARNING</name></member>
    <member refid="group__platform__trace_1gac87ab25c91b82cb0924687bbd63856d2" kind="define"><name>STACK_TRACE_API</name></member>
    <member refid="group__platform__trace_1ga41933d7f1c850138c587f96b6bf8436a" kind="define"><name>STACK_TRACE_EVENT</name></member>
    <member refid="group__platform__trace_1gaf73ec0fb8b08e80e5ead42eb6d79a0e6" kind="define"><name>STACK_TRACE_DEBUG</name></member>
    <member refid="group__platform__trace_1gad1de351a334200a432c213c7f4dd45b7" kind="define"><name>APP_TRACE_ERROR</name></member>
    <member refid="group__platform__trace_1ga1915c46defd5a96962de641442b33ac1" kind="define"><name>APP_TRACE_WARNING</name></member>
    <member refid="group__platform__trace_1gafd4dcaa48bef4105bd5ff2b97773d778" kind="define"><name>APP_TRACE_API</name></member>
    <member refid="group__platform__trace_1ga5b6639b85d6af32b38303c23db5d88a1" kind="define"><name>APP_TRACE_EVENT</name></member>
    <member refid="group__platform__trace_1gae9223e675dcf08d3633075b7500a9e87" kind="define"><name>APP_TRACE_DEBUG</name></member>
    <member refid="group__platform__trace_1gab580e61f7f10b3fe05da0b91d58f08dc" kind="define"><name>BTTASK_TRACE_ERROR</name></member>
    <member refid="group__platform__trace_1ga736b5390c70013979872b480a631b425" kind="define"><name>BTTASK_TRACE_WARNING</name></member>
    <member refid="group__platform__trace_1gaa4ad0d935b1b115cc2abbdc64635dd99" kind="define"><name>BTTASK_TRACE_API</name></member>
    <member refid="group__platform__trace_1ga0b6c96c5a43972c74fabc52924076055" kind="define"><name>BTTASK_TRACE_EVENT</name></member>
    <member refid="group__platform__trace_1ga7958ef6857cf47126bbb17b02ce8f8c6" kind="define"><name>BTTASK_TRACE_DEBUG</name></member>
  </compound>
  <compound refid="dir_36588e4213a630c1bb8e076a76be9366" kind="dir"><name>include</name>
  </compound>
  <compound refid="dir_c5a52a81292cf9a5167198f4f346d6d9" kind="dir"><name>platform</name>
  </compound>
  <compound refid="indexpage" kind="page"><name>index</name>
  </compound>
</doxygenindex>
