<?xml version='1.0' encoding='UTF-8' standalone='no'?>
<doxygen xmlns:xsi="http://www.w3.org/2001/XMLSchema-instance" xsi:noNamespaceSchemaLocation="compound.xsd" version="1.8.13">
  <compounddef id="_r_e_a_d_m_e_8md" kind="file" language="Markdown">
    <compoundname>README.md</compoundname>
    <briefdescription>
    </briefdescription>
    <detaileddescription>
    </detaileddescription>
    <programlisting>
<codeline><highlight class="normal">#<sp/>AIROC&amp;trade;<sp/>Bluetooth&amp;reg;<sp/>Host<sp/>Stack<sp/>solution<sp/>(for<sp/>FreeRTOS)</highlight></codeline>
<codeline></codeline>
<codeline><highlight class="normal">##<sp/>Overview</highlight></codeline>
<codeline><highlight class="normal">AIROC&amp;trade;<sp/>Bluetooth&amp;reg;<sp/>host<sp/>stack<sp/>solution<sp/>includes<sp/>Bluetooth&amp;reg;<sp/>stack<sp/>library,</highlight></codeline>
<codeline><highlight class="normal">Bluetooth&amp;reg;<sp/>controller<sp/>firmware<sp/>and<sp/>platform/os<sp/>porting<sp/>layer.<sp/>Bluetooth&amp;reg;<sp/>stack<sp/>library</highlight></codeline>
<codeline><highlight class="normal">is<sp/>designed<sp/>for<sp/>embedded<sp/>device,<sp/>it<sp/>consumes<sp/>less<sp/>RAM/ROM<sp/>usage<sp/>but<sp/>still<sp/>keeps</highlight></codeline>
<codeline><highlight class="normal">high<sp/>performance.<sp/>With<sp/>AIROC&amp;trade;<sp/>Bluetooth&amp;reg;<sp/>API<sp/>set,<sp/>application<sp/>developers<sp/>can<sp/>use<sp/>them</highlight></codeline>
<codeline><highlight class="normal">easily<sp/>to<sp/>create<sp/>their<sp/>own<sp/>application.<sp/>The<sp/>porting<sp/>layer<sp/>is<sp/>implemented<sp/>by<sp/>CYHAL<sp/>and<sp/>CY_RTOS_AL</highlight></codeline>
<codeline><highlight class="normal">(Hardware/Operation<sp/>System<sp/>Adaptation<sp/>Layer),<sp/>hence<sp/>it<sp/>can<sp/>adapt<sp/>to<sp/>Cypress<sp/>platforms,<sp/>and<sp/>easy<sp/>to<sp/></highlight></codeline>
<codeline><highlight class="normal">port<sp/>to<sp/>other<sp/>vendor&apos;s<sp/>platform.<sp/><sp/></highlight></codeline>
<codeline></codeline>
<codeline><highlight class="normal">##<sp/>Platform<sp/>HCI<sp/>transport<sp/>config</highlight></codeline>
<codeline><highlight class="normal">Besides<sp/>of<sp/>stack<sp/>settings,<sp/>HCI<sp/>configuration<sp/>is<sp/>also<sp/>required<sp/>to<sp/>specify,<sp/></highlight></codeline>
<codeline><highlight class="normal">including<sp/>pins,<sp/>format<sp/>and<sp/>UART<sp/>baudrate.<sp/>Please<sp/>refer<sp/>to<sp/>cybt_platform_config.h<sp/></highlight></codeline>
<codeline><highlight class="normal">for<sp/>more<sp/>detail:</highlight></codeline>
<codeline></codeline>
<codeline><highlight class="normal"><sp/>-<sp/>structure<sp/>**cybt_platform_config_t**</highlight></codeline>
<codeline><highlight class="normal"><sp/>-<sp/>API<sp/>**cybt_platform_config_init(<sp/>)**</highlight></codeline>
<codeline></codeline>
<codeline><highlight class="normal">The<sp/>API<sp/>**cybt_platform_config_init(<sp/>)**<sp/>shall<sp/>be<sp/>invoked<sp/>prior<sp/>to<sp/></highlight></codeline>
<codeline><highlight class="normal">**wiced_bt_stack_init(<sp/>)**</highlight></codeline>
<codeline></codeline>
<codeline><highlight class="normal">##<sp/>How<sp/>to<sp/>enable<sp/>trace<sp/>log?</highlight></codeline>
<codeline><highlight class="normal"><sp/>-<sp/>*Compile<sp/>time<sp/>definition:*<sp/>Please<sp/>refer<sp/>to<sp/>cybt_platform_trace.h<sp/>which<sp/>can<sp/>set<sp/>individual<sp/>trace<sp/>log<sp/>level</highlight></codeline>
<codeline><highlight class="normal"><sp/><sp/><sp/>-<sp/>Application<sp/>makefile<sp/>add<sp/>**DEFINES+=CYBT_PLATFORM_TRACE_ENABLE=0**<sp/>to<sp/>disable<sp/>debug<sp/>log</highlight></codeline>
<codeline><highlight class="normal"><sp/><sp/><sp/>-<sp/>Application<sp/>makefile<sp/>add<sp/>**DEFINES+=CYBT_PLATFORM_TRACE_ENABLE=1**<sp/>to<sp/>enable<sp/>debug<sp/>log</highlight></codeline>
<codeline><highlight class="normal"><sp/><sp/><sp/>-<sp/>Default<sp/>set<sp/>all<sp/>category<sp/>is<sp/>CYBT_TRACE_LEVEL_ERROR</highlight></codeline>
<codeline><highlight class="normal"><sp/>-<sp/>*Run<sp/>time<sp/>update:*<sp/>Dynamic<sp/>set<sp/>trace<sp/>level<sp/>by<sp/>using<sp/>API<sp/>**cybt_platform_set_trace_level(id,<sp/>level);**</highlight></codeline>
<codeline><highlight class="normal"><sp/><sp/><sp/>-<sp/>For<sp/>example:<sp/>set<sp/>all<sp/>catoegories<sp/>as<sp/>debug<sp/>level</highlight></codeline>
<codeline><highlight class="normal"><sp/><sp/><sp/><sp/><sp/><sp/><sp/>```</highlight></codeline>
<codeline><highlight class="normal"><sp/><sp/><sp/><sp/><sp/><sp/><sp/>cybt_platform_set_trace_level(CYBT_TRACE_ID_ALL,<sp/>CYBT_TRACE_LEVEL_DEBUG);</highlight></codeline>
<codeline><highlight class="normal"><sp/><sp/><sp/><sp/><sp/><sp/><sp/>```</highlight></codeline>
<codeline></codeline>
<codeline><highlight class="normal">##<sp/>How<sp/>to<sp/>enable<sp/>BTSpy<sp/>logs?</highlight></codeline>
<codeline><highlight class="normal"><sp/>-<sp/>BTSpy<sp/>is<sp/>a<sp/>trace<sp/>utility<sp/>that<sp/>can<sp/>be<sp/>used<sp/>in<sp/>the<sp/>AIROC&amp;trade;<sp/>Bluetooth&amp;reg;<sp/>platforms<sp/>to<sp/>view<sp/>protocol<sp/>and<sp/>generic<sp/>trace<sp/>messages<sp/>from<sp/>the<sp/>embedded<sp/>device</highlight></codeline>
<codeline><highlight class="normal"><sp/>-<sp/>Add<sp/>macro<sp/>ENABLE_BT_SPY_LOG<sp/>in<sp/>Makefile<sp/>or<sp/>command<sp/>line</highlight></codeline>
<codeline><highlight class="normal"><sp/><sp/><sp/>-<sp/>`DEFINES+=ENABLE_BT_SPY_LOG`</highlight></codeline>
<codeline><highlight class="normal"><sp/>-<sp/>Call<sp/>**cybt_debug_uart_init(&amp;debug_uart_configuration,<sp/>NULL);**</highlight></codeline>
<codeline><highlight class="normal"><sp/><sp/><sp/>-<sp/>The<sp/>first<sp/>argument<sp/>is<sp/>the<sp/>debug_uart_configurations<sp/>structure<sp/>pointer,<sp/>which<sp/>has<sp/>hardware<sp/>pin<sp/>configurations<sp/>along<sp/>with<sp/>baud_rate<sp/>and<sp/>flow_control<sp/>configurations.<sp/>Recommended<sp/>baudrate<sp/>is<sp/>3000000,<sp/>although<sp/>115200<sp/>is<sp/>also<sp/>supported<sp/>by<sp/>the<sp/>BTSpy<sp/>tool.<sp/>The<sp/>second<sp/>argument<sp/>is<sp/>an<sp/>optional<sp/>callback<sp/>function<sp/>which<sp/>can<sp/>be<sp/>set<sp/>to<sp/>NULL</highlight></codeline>
<codeline><highlight class="normal"><sp/><sp/><sp/>-<sp/>Ensure<sp/>retarget-io<sp/>is<sp/>not<sp/>enabled<sp/>on<sp/>the<sp/>same<sp/>UART<sp/>port<sp/>as<sp/>BTSpy.<sp/>There<sp/>is<sp/>no<sp/>need<sp/>to<sp/>initialize<sp/>the<sp/>retarget-io<sp/>libray<sp/>if<sp/>the<sp/>application<sp/>wants<sp/>to<sp/>send<sp/>both<sp/>application<sp/>messages<sp/>and<sp/>BT<sp/>protocol<sp/>traces<sp/>to<sp/>the<sp/>same<sp/>port<sp/>through<sp/>BTSpy</highlight></codeline>
<codeline><highlight class="normal"><sp/><sp/><sp/>-<sp/>Compiler<sp/>directives<sp/>can<sp/>be<sp/>used<sp/>to<sp/>either<sp/>initialize<sp/>the<sp/>retarget-io<sp/>library<sp/>or<sp/>BTSpy<sp/>logs<sp/>depending<sp/>on<sp/>the<sp/>debug<sp/>macro<sp/>setting.<sp/>For<sp/>example:</highlight></codeline>
<codeline><highlight class="normal"><sp/><sp/><sp/><sp/><sp/>```</highlight></codeline>
<codeline><highlight class="normal"><sp/><sp/><sp/><sp/><sp/>#ifdef<sp/>ENABLE_BT_SPY_LOG</highlight></codeline>
<codeline><highlight class="normal"><sp/><sp/><sp/><sp/><sp/><sp/><sp/><sp/>{</highlight></codeline>
<codeline><highlight class="normal"><sp/><sp/><sp/><sp/><sp/><sp/><sp/><sp/><sp/><sp/><sp/><sp/>#define<sp/>DEBUG_UART_BAUDRATE<sp/>3000000</highlight></codeline>
<codeline><highlight class="normal"><sp/><sp/><sp/><sp/><sp/><sp/><sp/><sp/><sp/><sp/><sp/><sp/>#define<sp/>DEBUG_UART_RTS<sp/><sp/><sp/><sp/><sp/><sp/><sp/><sp/>(P5_2)</highlight></codeline>
<codeline><highlight class="normal"><sp/><sp/><sp/><sp/><sp/><sp/><sp/><sp/><sp/><sp/><sp/><sp/>#define<sp/>DEBUG_UART_CTS<sp/><sp/><sp/><sp/><sp/><sp/><sp/><sp/>(P5_3)</highlight></codeline>
<codeline><highlight class="normal"><sp/><sp/><sp/><sp/><sp/><sp/><sp/><sp/><sp/><sp/><sp/><sp/>cybt_debug_uart_config_t<sp/>debug_uart_config<sp/>=<sp/>{</highlight></codeline>
<codeline><highlight class="normal"><sp/><sp/><sp/><sp/><sp/><sp/><sp/><sp/><sp/><sp/><sp/><sp/><sp/><sp/><sp/><sp/><sp/><sp/><sp/><sp/>.uart_tx_pin<sp/>=<sp/>CYBSP_DEBUG_UART_TX,</highlight></codeline>
<codeline><highlight class="normal"><sp/><sp/><sp/><sp/><sp/><sp/><sp/><sp/><sp/><sp/><sp/><sp/><sp/><sp/><sp/><sp/><sp/><sp/><sp/><sp/>.uart_rx_pin<sp/>=<sp/>CYBSP_DEBUG_UART_RX,</highlight></codeline>
<codeline><highlight class="normal"><sp/><sp/><sp/><sp/><sp/><sp/><sp/><sp/><sp/><sp/><sp/><sp/><sp/><sp/><sp/><sp/><sp/><sp/><sp/><sp/>.uart_cts_pin<sp/>=<sp/>DEBUG_UART_CTS,</highlight></codeline>
<codeline><highlight class="normal"><sp/><sp/><sp/><sp/><sp/><sp/><sp/><sp/><sp/><sp/><sp/><sp/><sp/><sp/><sp/><sp/><sp/><sp/><sp/><sp/>.uart_rts_pin<sp/>=<sp/>DEBUG_UART_RTS,</highlight></codeline>
<codeline><highlight class="normal"><sp/><sp/><sp/><sp/><sp/><sp/><sp/><sp/><sp/><sp/><sp/><sp/><sp/><sp/><sp/><sp/><sp/><sp/><sp/><sp/>.baud_rate<sp/>=<sp/>DEBUG_UART_BAUDRATE,</highlight></codeline>
<codeline><highlight class="normal"><sp/><sp/><sp/><sp/><sp/><sp/><sp/><sp/><sp/><sp/><sp/><sp/><sp/><sp/><sp/><sp/><sp/><sp/><sp/><sp/>.flow_control<sp/>=<sp/>TRUE</highlight></codeline>
<codeline><highlight class="normal"><sp/><sp/><sp/><sp/><sp/><sp/><sp/><sp/><sp/><sp/><sp/><sp/>};</highlight></codeline>
<codeline><highlight class="normal"><sp/><sp/><sp/><sp/><sp/><sp/><sp/><sp/><sp/><sp/><sp/><sp/>cybt_debug_uart_init(&amp;debug_uart_config,<sp/>NULL);</highlight></codeline>
<codeline><highlight class="normal"><sp/><sp/><sp/><sp/><sp/><sp/><sp/><sp/>}</highlight></codeline>
<codeline><highlight class="normal"><sp/><sp/><sp/><sp/><sp/>#else</highlight></codeline>
<codeline><highlight class="normal"><sp/><sp/><sp/><sp/><sp/><sp/><sp/><sp/>cy_retarget_io_init(CYBSP_DEBUG_UART_TX,<sp/>CYBSP_DEBUG_UART_RX,<sp/>CY_RETARGET_IO_BAUDRATE);</highlight></codeline>
<codeline><highlight class="normal"><sp/><sp/><sp/><sp/><sp/>#endif</highlight></codeline>
<codeline><highlight class="normal"><sp/><sp/><sp/><sp/><sp/>```</highlight></codeline>
<codeline><highlight class="normal"><sp/>-<sp/>Download<sp/>and<sp/>use<sp/>[BTSPY](https://github.com/Infineon/btsdk-utils)</highlight></codeline>
<codeline><highlight class="normal"><sp/><sp/><sp/>-<sp/>Click<sp/>on<sp/>serial<sp/>port<sp/>setup</highlight></codeline>
<codeline><highlight class="normal"><sp/><sp/><sp/>-<sp/>Select<sp/>&quot;Enable<sp/>Serial<sp/>Port&quot;</highlight></codeline>
<codeline><highlight class="normal"><sp/><sp/><sp/>-<sp/>Select<sp/>the<sp/>corrct<sp/>baudrate,<sp/>port<sp/>number<sp/>and<sp/>enable<sp/>HW<sp/>flow<sp/>control</highlight></codeline>
<codeline></codeline>
<codeline><highlight class="normal">##<sp/>Working<sp/>flow</highlight></codeline>
<codeline></codeline>
<codeline><highlight class="normal">###<sp/>~<sp/>release-v1.3.0</highlight></codeline>
<codeline><highlight class="normal"><sp/>-<sp/>Porting<sp/>layer<sp/>create<sp/>2<sp/>tasks</highlight></codeline>
<codeline><highlight class="normal"><sp/><sp/><sp/>-<sp/>**HCI<sp/>task**<sp/>which<sp/>handles<sp/>HCI<sp/>packet<sp/>transmission<sp/>and<sp/>reception</highlight></codeline>
<codeline><highlight class="normal"><sp/><sp/><sp/>-<sp/>**BTU/BT<sp/>task**<sp/>which<sp/>handles<sp/>Bluetooth&amp;reg;<sp/>core<sp/>stack<sp/>and<sp/>profiles</highlight></codeline>
<codeline><highlight class="normal"><sp/>-<sp/>TX<sp/>path:</highlight></codeline>
<codeline><highlight class="normal"><sp/><sp/><sp/>-<sp/>Bluetooth&amp;reg;<sp/>stack<sp/>calls<sp/>pf_write_xxx_to_lower(<sp/>)<sp/>with<sp/>packet<sp/>data</highlight></codeline>
<codeline><highlight class="normal"><sp/><sp/><sp/>-<sp/>Inside<sp/>those<sp/>functions,</highlight></codeline>
<codeline><highlight class="normal"><sp/><sp/><sp/><sp/><sp/><sp/><sp/>-<sp/>Allocate<sp/>memory<sp/>from<sp/>porting<sp/>layer<sp/>heap<sp/>for<sp/>the<sp/>TX<sp/>packet</highlight></codeline>
<codeline><highlight class="normal"><sp/><sp/><sp/><sp/><sp/><sp/><sp/>-<sp/>Put<sp/>TX<sp/>packet<sp/>into<sp/>HCI<sp/>task<sp/>queue</highlight></codeline>
<codeline><highlight class="normal"><sp/><sp/><sp/>-<sp/>HCI<sp/>task<sp/>gets<sp/>TX<sp/>packet<sp/>from<sp/>the<sp/>queue<sp/>then<sp/>write<sp/>the<sp/>same<sp/>to<sp/>HCI<sp/>UART</highlight></codeline>
<codeline><highlight class="normal"><sp/>-<sp/>RX<sp/>path:</highlight></codeline>
<codeline><highlight class="normal"><sp/><sp/><sp/>-<sp/>UART<sp/>driver<sp/>fires<sp/>the<sp/>interrupt<sp/>when<sp/>data<sp/>was<sp/>coming<sp/>from<sp/>Bluetooth&amp;reg;<sp/>controller</highlight></codeline>
<codeline><highlight class="normal"><sp/><sp/><sp/>-<sp/>In<sp/>IRQ<sp/>handler,<sp/>put<sp/>the<sp/>related<sp/>message<sp/>to<sp/>HCI<sp/>task<sp/>queue</highlight></codeline>
<codeline><highlight class="normal"><sp/><sp/><sp/>-<sp/>Once<sp/>HCI<sp/>task<sp/>gets<sp/>the<sp/>message,</highlight></codeline>
<codeline><highlight class="normal"><sp/><sp/><sp/><sp/><sp/>-<sp/>Allocate<sp/>memory<sp/>from<sp/>porting<sp/>layer<sp/>heap,<sp/>read<sp/>the<sp/>packet<sp/>from<sp/>UART<sp/>and<sp/>write<sp/>the<sp/>same<sp/>to<sp/>the<sp/>allocated<sp/>memory</highlight></codeline>
<codeline><highlight class="normal"><sp/><sp/><sp/><sp/><sp/>-<sp/>Put<sp/>RX<sp/>packet<sp/>into<sp/>Bluetooth&amp;reg;<sp/>task<sp/>queue.</highlight></codeline>
<codeline><highlight class="normal"><sp/><sp/><sp/>-<sp/>Bluetooth&amp;reg;<sp/>task<sp/>gets<sp/>RX<sp/>packet<sp/>then<sp/>calls<sp/>wiced_bt_process_xxx()<sp/>to<sp/>notify<sp/>Bluetooth&amp;reg;<sp/>stack</highlight></codeline>
<codeline></codeline>
<codeline><highlight class="normal">###<sp/>since<sp/>release-v2.0.0</highlight></codeline>
<codeline><highlight class="normal"><sp/>-<sp/>Porting<sp/>layer<sp/>create<sp/>2<sp/>tasks</highlight></codeline>
<codeline><highlight class="normal"><sp/><sp/><sp/>-<sp/>**HCI_TX<sp/>task**<sp/>which<sp/>handles<sp/>HCI<sp/>packet<sp/>from<sp/>Bluetooth&amp;reg;<sp/>stack<sp/>to<sp/>Bluetooth&amp;reg;<sp/>controller</highlight></codeline>
<codeline><highlight class="normal"><sp/><sp/><sp/>-<sp/>**HCI_RX<sp/>task**<sp/>which<sp/>handles<sp/>HCI<sp/>packet<sp/>from<sp/>Bluetooth&amp;reg;<sp/>controller<sp/>to<sp/>Bluetooth&amp;reg;<sp/>stack</highlight></codeline>
<codeline><highlight class="normal"><sp/>-<sp/>TX<sp/>path:</highlight></codeline>
<codeline><highlight class="normal"><sp/><sp/><sp/>-<sp/>Bluetooth&amp;reg;<sp/>stack<sp/>calls<sp/>pf_write_xxx_to_lower()<sp/>with<sp/>packet<sp/>data</highlight></codeline>
<codeline><highlight class="normal"><sp/><sp/><sp/>-<sp/>Inside<sp/>those<sp/>functions,</highlight></codeline>
<codeline><highlight class="normal"><sp/><sp/><sp/><sp/><sp/>-<sp/>Allocate<sp/>memory<sp/>from<sp/>porting<sp/>layer<sp/>heap<sp/>for<sp/>the<sp/>TX<sp/>packet</highlight></codeline>
<codeline><highlight class="normal"><sp/><sp/><sp/><sp/><sp/>-<sp/>Put<sp/>TX<sp/>packet<sp/>into<sp/>HCI_TX<sp/>task<sp/>queue</highlight></codeline>
<codeline><highlight class="normal"><sp/><sp/><sp/>-<sp/>HCI_TX<sp/>task<sp/>gets<sp/>TX<sp/>packet<sp/>from<sp/>the<sp/>queue<sp/>then<sp/>write<sp/>the<sp/>same<sp/>to<sp/>HCI<sp/>UART</highlight></codeline>
<codeline><highlight class="normal"><sp/>-<sp/>RX<sp/>path:</highlight></codeline>
<codeline><highlight class="normal"><sp/><sp/><sp/>-<sp/>UART<sp/>driver<sp/>fires<sp/>the<sp/>interrupt<sp/>when<sp/>data<sp/>was<sp/>coming<sp/>from<sp/>Bluetooth&amp;reg;<sp/>controller</highlight></codeline>
<codeline><highlight class="normal"><sp/><sp/><sp/>-<sp/>In<sp/>IRQ<sp/>handler,<sp/>put<sp/>the<sp/>related<sp/>message<sp/>to<sp/>HCI_RX<sp/>task<sp/>queue</highlight></codeline>
<codeline><highlight class="normal"><sp/><sp/><sp/>-<sp/>Once<sp/>HCI_RX<sp/>task<sp/>gets<sp/>the<sp/>message,</highlight></codeline>
<codeline><highlight class="normal"><sp/><sp/><sp/><sp/><sp/>-<sp/>Read<sp/>the<sp/>packet<sp/>from<sp/>UART<sp/>and<sp/>write<sp/>the<sp/>same<sp/>to<sp/>the<sp/>static<sp/>buffer</highlight></codeline>
<codeline><highlight class="normal"><sp/><sp/><sp/><sp/><sp/>-<sp/>Call<sp/>wiced_bt_process_xxx()<sp/>to<sp/>notify<sp/>Bluetooth&amp;reg;<sp/>stack</highlight></codeline>
<codeline></codeline>
<codeline><highlight class="normal">##<sp/>API<sp/>Reference<sp/>Manual</highlight></codeline>
<codeline><highlight class="normal"><sp/>-<sp/>[Bluetooth&amp;reg;<sp/>platform<sp/>API<sp/>manual](https://cypresssemiconductorco.github.io/bluetooth-freertos/api_reference_manual/html/index.html)</highlight></codeline>
<codeline><highlight class="normal"><sp/>-<sp/>[Bluetooth&amp;reg;<sp/>stack<sp/>BLE<sp/>API<sp/>manual](https://cypresssemiconductorco.github.io/btstack/ble/api_reference_manual/html/index.html)</highlight></codeline>
<codeline><highlight class="normal"><sp/><sp/><sp/><sp/></highlight></codeline>
<codeline><highlight class="normal">©<sp/>Infineon<sp/>Technologies,<sp/>2019.</highlight></codeline>
    </programlisting>
    <location file="/builds/repo/btstack-port-cyal/README.md"/>
  </compounddef>
</doxygen>
