<?xml version='1.0' encoding='UTF-8' standalone='no'?>
<doxygen xmlns:xsi="http://www.w3.org/2001/XMLSchema-instance" xsi:noNamespaceSchemaLocation="compound.xsd" version="1.8.13">
  <compounddef id="indexpage" kind="page">
    <compoundname>index</compoundname>
    <title>AIROC™ Bluetooth® Host Stack solution (for FreeRTOS)</title>
    <detaileddescription>
<para><heading level="2">Overview</heading>
</para><para>AIROC<trademark/> Bluetooth<registered/> host stack solution includes Bluetooth<registered/> stack library, Bluetooth<registered/> controller firmware and platform/os porting layer. Bluetooth<registered/> stack library is designed for embedded device, it consumes less RAM/ROM usage but still keeps high performance. With AIROC<trademark/> Bluetooth<registered/> API set, application developers can use them easily to create their own application. The porting layer is implemented by CYHAL and CY_RTOS_AL (Hardware/Operation System Adaptation Layer), hence it can adapt to Cypress platforms, and easy to port to other vendor&apos;s platform.</para><para><heading level="2">Platform HCI transport config</heading>
</para><para>Besides of stack settings, HCI configuration is also required to specify, including pins, format and UART baudrate. Please refer to cybt_platform_config.h for more detail:</para><para><itemizedlist>
<listitem><para>structure <bold><ref refid="structcybt__platform__config__t" kindref="compound">cybt_platform_config_t</ref></bold></para></listitem><listitem><para>API <bold><ref refid="group__platform__cfg_1ga1ff2a9935b27efb9639974d6ddc1894a" kindref="member">cybt_platform_config_init( )</ref></bold></para></listitem></itemizedlist>
</para><para>The API <bold><ref refid="group__platform__cfg_1ga1ff2a9935b27efb9639974d6ddc1894a" kindref="member">cybt_platform_config_init( )</ref></bold> shall be invoked prior to <bold>wiced_bt_stack_init( )</bold></para><para><heading level="2">How to enable trace log?</heading>
</para><para><itemizedlist>
<listitem><para><emphasis>Compile time definition:</emphasis> Please refer to cybt_platform_trace.h which can set individual trace log level<itemizedlist>
<listitem><para>Application makefile add <bold>DEFINES+=CYBT_PLATFORM_TRACE_ENABLE=0</bold> to disable debug log</para></listitem><listitem><para>Application makefile add <bold>DEFINES+=CYBT_PLATFORM_TRACE_ENABLE=1</bold> to enable debug log</para></listitem><listitem><para>Default set all category is CYBT_TRACE_LEVEL_ERROR</para></listitem></itemizedlist>
</para></listitem><listitem><para><emphasis>Run time update:</emphasis> Dynamic set trace level by using API <bold>cybt_platform_set_trace_level(id, level);</bold><itemizedlist>
<listitem><para>For example: set all catoegories as debug level ``` cybt_platform_set_trace_level(CYBT_TRACE_ID_ALL, CYBT_TRACE_LEVEL_DEBUG); ```</para></listitem></itemizedlist>
</para></listitem></itemizedlist>
</para><para><heading level="2">How to enable BTSpy logs?</heading>
</para><para><itemizedlist>
<listitem><para>BTSpy is a trace utility that can be used in the AIROC<trademark/> Bluetooth<registered/> platforms to view protocol and generic trace messages from the embedded device</para></listitem><listitem><para>Add macro ENABLE_BT_SPY_LOG in Makefile or command line<itemizedlist>
<listitem><para><computeroutput>DEFINES+=ENABLE_BT_SPY_LOG</computeroutput></para></listitem></itemizedlist>
</para></listitem><listitem><para>Call <bold>cybt_debug_uart_init(&amp;debug_uart_configuration, NULL);</bold><itemizedlist>
<listitem><para>The first argument is the debug_uart_configurations structure pointer, which has hardware pin configurations along with baud_rate and flow_control configurations. Recommended baudrate is 3000000, although 115200 is also supported by the BTSpy tool. The second argument is an optional callback function which can be set to NULL</para></listitem><listitem><para>Ensure retarget-io is not enabled on the same UART port as BTSpy. There is no need to initialize the retarget-io libray if the application wants to send both application messages and BT protocol traces to the same port through BTSpy</para></listitem><listitem><para>Compiler directives can be used to either initialize the retarget-io library or BTSpy logs depending on the debug macro setting. For example: ``` #ifdef ENABLE_BT_SPY_LOG { #define DEBUG_UART_BAUDRATE 3000000 #define DEBUG_UART_RTS (P5_2) #define DEBUG_UART_CTS (P5_3) cybt_debug_uart_config_t debug_uart_config = { .uart_tx_pin = CYBSP_DEBUG_UART_TX, .uart_rx_pin = CYBSP_DEBUG_UART_RX, .uart_cts_pin = DEBUG_UART_CTS, .uart_rts_pin = DEBUG_UART_RTS, .baud_rate = DEBUG_UART_BAUDRATE, .flow_control = TRUE }; cybt_debug_uart_init(&amp;debug_uart_config, NULL); } #else cy_retarget_io_init(CYBSP_DEBUG_UART_TX, CYBSP_DEBUG_UART_RX, CY_RETARGET_IO_BAUDRATE); #endif ```</para></listitem></itemizedlist>
</para></listitem><listitem><para>Download and use <ulink url="https://github.com/Infineon/btsdk-utils">BTSPY</ulink><itemizedlist>
<listitem><para>Click on serial port setup</para></listitem><listitem><para>Select &quot;Enable Serial Port&quot;</para></listitem><listitem><para>Select the corrct baudrate, port number and enable HW flow control</para></listitem></itemizedlist>
</para></listitem></itemizedlist>
</para><para><heading level="2">Working flow</heading>
</para><para><heading level="3">~ release-v1.3.0</heading>
</para><para><itemizedlist>
<listitem><para>Porting layer create 2 tasks<itemizedlist>
<listitem><para><bold>HCI task</bold> which handles HCI packet transmission and reception</para></listitem><listitem><para><bold>BTU/BT task</bold> which handles Bluetooth<registered/> core stack and profiles</para></listitem></itemizedlist>
</para></listitem><listitem><para>TX path:<itemizedlist>
<listitem><para>Bluetooth<registered/> stack calls pf_write_xxx_to_lower( ) with packet data</para></listitem><listitem><para>Inside those functions,<itemizedlist>
<listitem><para>Allocate memory from porting layer heap for the TX packet</para></listitem><listitem><para>Put TX packet into HCI task queue</para></listitem></itemizedlist>
</para></listitem><listitem><para>HCI task gets TX packet from the queue then write the same to HCI UART</para></listitem></itemizedlist>
</para></listitem><listitem><para>RX path:<itemizedlist>
<listitem><para>UART driver fires the interrupt when data was coming from Bluetooth<registered/> controller</para></listitem><listitem><para>In IRQ handler, put the related message to HCI task queue</para></listitem><listitem><para>Once HCI task gets the message,<itemizedlist>
<listitem><para>Allocate memory from porting layer heap, read the packet from UART and write the same to the allocated memory</para></listitem><listitem><para>Put RX packet into Bluetooth<registered/> task queue.</para></listitem></itemizedlist>
</para></listitem><listitem><para>Bluetooth<registered/> task gets RX packet then calls wiced_bt_process_xxx() to notify Bluetooth<registered/> stack</para></listitem></itemizedlist>
</para></listitem></itemizedlist>
</para><para><heading level="3">since release-v2.0.0</heading>
</para><para><itemizedlist>
<listitem><para>Porting layer create 2 tasks<itemizedlist>
<listitem><para><bold>HCI_TX task</bold> which handles HCI packet from Bluetooth<registered/> stack to Bluetooth<registered/> controller</para></listitem><listitem><para><bold>HCI_RX task</bold> which handles HCI packet from Bluetooth<registered/> controller to Bluetooth<registered/> stack</para></listitem></itemizedlist>
</para></listitem><listitem><para>TX path:<itemizedlist>
<listitem><para>Bluetooth<registered/> stack calls pf_write_xxx_to_lower() with packet data</para></listitem><listitem><para>Inside those functions,<itemizedlist>
<listitem><para>Allocate memory from porting layer heap for the TX packet</para></listitem><listitem><para>Put TX packet into HCI_TX task queue</para></listitem></itemizedlist>
</para></listitem><listitem><para>HCI_TX task gets TX packet from the queue then write the same to HCI UART</para></listitem></itemizedlist>
</para></listitem><listitem><para>RX path:<itemizedlist>
<listitem><para>UART driver fires the interrupt when data was coming from Bluetooth<registered/> controller</para></listitem><listitem><para>In IRQ handler, put the related message to HCI_RX task queue</para></listitem><listitem><para>Once HCI_RX task gets the message,<itemizedlist>
<listitem><para>Read the packet from UART and write the same to the static buffer</para></listitem><listitem><para>Call wiced_bt_process_xxx() to notify Bluetooth<registered/> stack</para></listitem></itemizedlist>
</para></listitem></itemizedlist>
</para></listitem></itemizedlist>
</para><para><heading level="2">API Reference Manual</heading>
</para><para><itemizedlist>
<listitem><para><ulink url="https://cypresssemiconductorco.github.io/bluetooth-freertos/api_reference_manual/html/index.html">Bluetooth<registered/> platform API manual</ulink></para></listitem><listitem><para><ulink url="https://cypresssemiconductorco.github.io/btstack/ble/api_reference_manual/html/index.html">Bluetooth<registered/> stack BLE API manual</ulink></para></listitem></itemizedlist>
</para><para>© Infineon Technologies, 2019. </para>    </detaileddescription>
  </compounddef>
</doxygen>
