<?xml version='1.0' encoding='UTF-8' standalone='no'?>
<doxygen xmlns:xsi="http://www.w3.org/2001/XMLSchema-instance" xsi:noNamespaceSchemaLocation="compound.xsd" version="1.8.15">
  <compounddef id="cybt__platform__config_8h" kind="file" language="C++">
    <compoundname>cybt_platform_config.h</compoundname>
    <includes local="no">stdint.h</includes>
    <includes local="no">stdbool.h</includes>
    <includes local="yes">cyhal_gpio.h</includes>
    <includes local="yes">cyhal_uart.h</includes>
    <incdepgraph>
      <node id="5">
        <label>stdbool.h</label>
      </node>
      <node id="4">
        <label>stdint.h</label>
      </node>
      <node id="7">
        <label>cyhal_uart.h</label>
      </node>
      <node id="3">
        <label>cybt_platform_config.h</label>
        <link refid="cybt__platform__config_8h"/>
        <childnode refid="4" relation="include">
        </childnode>
        <childnode refid="5" relation="include">
        </childnode>
        <childnode refid="6" relation="include">
        </childnode>
        <childnode refid="7" relation="include">
        </childnode>
      </node>
      <node id="6">
        <label>cyhal_gpio.h</label>
      </node>
    </incdepgraph>
    <innerclass refid="structcybt__hci__uart__config__t" prot="public">cybt_hci_uart_config_t</innerclass>
    <innerclass refid="structcybt__hci__transport__config__t" prot="public">cybt_hci_transport_config_t</innerclass>
    <innerclass refid="structcybt__controller__sleep__config__t" prot="public">cybt_controller_sleep_config_t</innerclass>
    <innerclass refid="structcybt__controller__config__t" prot="public">cybt_controller_config_t</innerclass>
    <innerclass refid="structcybt__platform__config__t" prot="public">cybt_platform_config_t</innerclass>
      <sectiondef kind="define">
      <memberdef kind="define" id="group__platform__cfg_1ga71a14bd3046f030353a91683577817a6" prot="public" static="no">
        <name>CYBT_SLEEP_MODE_DISABLED</name>
        <initializer>(0)</initializer>
        <briefdescription>
        </briefdescription>
        <detaileddescription>
        </detaileddescription>
        <inbodydescription>
        </inbodydescription>
        <location file="/var/tmp/gitlab-runner1/builds/xyH-6YS9/1/repo/btstack-port-cyal/platform/include/cybt_platform_config.h" line="47" column="9" bodyfile="/var/tmp/gitlab-runner1/builds/xyH-6YS9/1/repo/btstack-port-cyal/platform/include/cybt_platform_config.h" bodystart="47" bodyend="-1"/>
      </memberdef>
      <memberdef kind="define" id="group__platform__cfg_1gad9d80ecaf5864c704c87bd0cf7490659" prot="public" static="no">
        <name>CYBT_SLEEP_MODE_ENABLED</name>
        <initializer>(1)</initializer>
        <briefdescription>
        </briefdescription>
        <detaileddescription>
        </detaileddescription>
        <inbodydescription>
        </inbodydescription>
        <location file="/var/tmp/gitlab-runner1/builds/xyH-6YS9/1/repo/btstack-port-cyal/platform/include/cybt_platform_config.h" line="48" column="9" bodyfile="/var/tmp/gitlab-runner1/builds/xyH-6YS9/1/repo/btstack-port-cyal/platform/include/cybt_platform_config.h" bodystart="48" bodyend="-1"/>
      </memberdef>
      <memberdef kind="define" id="group__platform__cfg_1gaf7d41be05e1c430256f65d1219abd831" prot="public" static="no">
        <name>CYBT_WAKE_ACTIVE_LOW</name>
        <initializer>(0)</initializer>
        <briefdescription>
        </briefdescription>
        <detaileddescription>
        </detaileddescription>
        <inbodydescription>
        </inbodydescription>
        <location file="/var/tmp/gitlab-runner1/builds/xyH-6YS9/1/repo/btstack-port-cyal/platform/include/cybt_platform_config.h" line="50" column="9" bodyfile="/var/tmp/gitlab-runner1/builds/xyH-6YS9/1/repo/btstack-port-cyal/platform/include/cybt_platform_config.h" bodystart="50" bodyend="-1"/>
      </memberdef>
      <memberdef kind="define" id="group__platform__cfg_1gad8d6dd4f2d7b07a29af54ebf34d9be6e" prot="public" static="no">
        <name>CYBT_WAKE_ACTIVE_HIGH</name>
        <initializer>(1)</initializer>
        <briefdescription>
        </briefdescription>
        <detaileddescription>
        </detaileddescription>
        <inbodydescription>
        </inbodydescription>
        <location file="/var/tmp/gitlab-runner1/builds/xyH-6YS9/1/repo/btstack-port-cyal/platform/include/cybt_platform_config.h" line="51" column="9" bodyfile="/var/tmp/gitlab-runner1/builds/xyH-6YS9/1/repo/btstack-port-cyal/platform/include/cybt_platform_config.h" bodystart="51" bodyend="-1"/>
      </memberdef>
      </sectiondef>
      <sectiondef kind="enum">
      <memberdef kind="enum" id="group__platform__cfg_1ga5f6850727c86459c4c6c11c84870d308" prot="public" static="no" strong="no">
        <type></type>
        <name>cybt_hci_transport_t</name>
        <enumvalue id="group__platform__cfg_1gga5f6850727c86459c4c6c11c84870d308af5ee9474117419b2f07127b9ffd0dc99" prot="public">
          <name>CYBT_HCI_UNKNOWN</name>
          <initializer>= 0x00</initializer>
          <briefdescription>
          </briefdescription>
          <detaileddescription>
          </detaileddescription>
        </enumvalue>
        <enumvalue id="group__platform__cfg_1gga5f6850727c86459c4c6c11c84870d308a154733e718f98e13774fb625df3687f3" prot="public">
          <name>CYBT_HCI_UART</name>
          <initializer>= 0x01</initializer>
          <briefdescription>
          </briefdescription>
          <detaileddescription>
          </detaileddescription>
        </enumvalue>
        <enumvalue id="group__platform__cfg_1gga5f6850727c86459c4c6c11c84870d308a48f801ad425fc5626b5c34098bec2501" prot="public">
          <name>CYBT_HCI_IPC</name>
          <initializer>= 0x02</initializer>
          <briefdescription>
          </briefdescription>
          <detaileddescription>
          </detaileddescription>
        </enumvalue>
        <briefdescription>
<para>The BT HCI transport type. </para>
        </briefdescription>
        <detaileddescription>
        </detaileddescription>
        <inbodydescription>
        </inbodydescription>
        <location file="/var/tmp/gitlab-runner1/builds/xyH-6YS9/1/repo/btstack-port-cyal/platform/include/cybt_platform_config.h" line="60" column="1" bodyfile="/var/tmp/gitlab-runner1/builds/xyH-6YS9/1/repo/btstack-port-cyal/platform/include/cybt_platform_config.h" bodystart="59" bodyend="64"/>
      </memberdef>
      <memberdef kind="enum" id="group__platform__cfg_1gab887149c4cb3cd34b2984638c6c1aebb" prot="public" static="no" strong="no">
        <type></type>
        <name>cybt_exception_t</name>
        <enumvalue id="group__platform__cfg_1ggab887149c4cb3cd34b2984638c6c1aebbabaa7aa6502eac7036fcce924e0dedad7" prot="public">
          <name>CYBT_NO_EXCEPTION</name>
          <initializer>= 0x00</initializer>
          <briefdescription>
          </briefdescription>
          <detaileddescription>
          </detaileddescription>
        </enumvalue>
        <enumvalue id="group__platform__cfg_1ggab887149c4cb3cd34b2984638c6c1aebbae03d841bfda8775d8111602c1e49a948" prot="public">
          <name>CYBT_HCI_IPC_REL_BUFFER</name>
          <initializer>= 0x01</initializer>
          <briefdescription>
          </briefdescription>
          <detaileddescription>
          </detaileddescription>
        </enumvalue>
        <enumvalue id="group__platform__cfg_1ggab887149c4cb3cd34b2984638c6c1aebbad91487056c5b8bf58595982b8a43488e" prot="public">
          <name>CYBT_CONTROLLER_CORE_DUMP</name>
          <initializer>= 0x02</initializer>
          <briefdescription>
          </briefdescription>
          <detaileddescription>
          </detaileddescription>
        </enumvalue>
        <enumvalue id="group__platform__cfg_1ggab887149c4cb3cd34b2984638c6c1aebba8b6e17328b8bb844642c3426418162f3" prot="public">
          <name>CYBT_CONTROLLER_RESTARTED</name>
          <initializer>= 0x03</initializer>
          <briefdescription>
          </briefdescription>
          <detaileddescription>
          </detaileddescription>
        </enumvalue>
        <enumvalue id="group__platform__cfg_1ggab887149c4cb3cd34b2984638c6c1aebbabac28d431cb536959b4db3cbd7c7d7b6" prot="public">
          <name>CYBT_MAX_EXCEPTION</name>
          <initializer>= 0xFF</initializer>
          <briefdescription>
          </briefdescription>
          <detaileddescription>
          </detaileddescription>
        </enumvalue>
        <briefdescription>
<para>The Porting layer exception list which is causing by low level. </para>
        </briefdescription>
        <detaileddescription>
        </detaileddescription>
        <inbodydescription>
        </inbodydescription>
        <location file="/var/tmp/gitlab-runner1/builds/xyH-6YS9/1/repo/btstack-port-cyal/platform/include/cybt_platform_config.h" line="70" column="1" bodyfile="/var/tmp/gitlab-runner1/builds/xyH-6YS9/1/repo/btstack-port-cyal/platform/include/cybt_platform_config.h" bodystart="69" bodyend="76"/>
      </memberdef>
      </sectiondef>
      <sectiondef kind="typedef">
      <memberdef kind="typedef" id="group__platform__cfg_1ga6a50ab63c021eaee65d2a2ce9ec26833" prot="public" static="no">
        <type>bool(*</type>
        <definition>typedef bool(*  cybt_exception_callback_t) (cybt_exception_t error, uint8_t *info, uint32_t length)</definition>
        <argsstring>)(cybt_exception_t error, uint8_t *info, uint32_t length)</argsstring>
        <name>cybt_exception_callback_t</name>
        <briefdescription>
<para>Typedef for exception callback function pointer. </para>
        </briefdescription>
        <detaileddescription>
<para>which may occur due to low level API failures and if controller triggers coredump</para>
<para><parameterlist kind="param"><parameteritem>
<parameternamelist>
<parametername direction="in">cybt_exception_t</parametername>
</parameternamelist>
<parameterdescription>
<para>: Reason for the exception cause </para>
</parameterdescription>
</parameteritem>
<parameteritem>
<parameternamelist>
<parametername direction="in">info</parametername>
</parameternamelist>
<parameterdescription>
<para>: Exception data buffer </para>
</parameterdescription>
</parameteritem>
<parameteritem>
<parameternamelist>
<parametername direction="in">length</parametername>
</parameternamelist>
<parameterdescription>
<para>: Exception data buffer length</para>
</parameterdescription>
</parameteritem>
</parameterlist>
<simplesect kind="return"><para>bool : [true] If app handled this error and wants to continue from porting layer, [false] porting layer will issue assert. </para>
</simplesect>
</para>
        </detaileddescription>
        <inbodydescription>
        </inbodydescription>
        <location file="/var/tmp/gitlab-runner1/builds/xyH-6YS9/1/repo/btstack-port-cyal/platform/include/cybt_platform_config.h" line="112" column="1" bodyfile="/var/tmp/gitlab-runner1/builds/xyH-6YS9/1/repo/btstack-port-cyal/platform/include/cybt_platform_config.h" bodystart="112" bodyend="-1"/>
      </memberdef>
      </sectiondef>
      <sectiondef kind="func">
      <memberdef kind="function" id="group__platform__cfg_1ga1ff2a9935b27efb9639974d6ddc1894a" prot="public" static="no" const="no" explicit="no" inline="no" virt="non-virtual">
        <type>void</type>
        <definition>void cybt_platform_config_init</definition>
        <argsstring>(const cybt_platform_config_t *p_bt_platform_cfg)</argsstring>
        <name>cybt_platform_config_init</name>
        <param>
          <type>const <ref refid="structcybt__platform__config__t" kindref="compound">cybt_platform_config_t</ref> *</type>
          <declname>p_bt_platform_cfg</declname>
        </param>
        <briefdescription>
<para>Configurate the Bluetotoh platform specific settings. </para>
        </briefdescription>
        <detaileddescription>
<para><parameterlist kind="param"><parameteritem>
<parameternamelist>
<parametername direction="in">p_bt_platform_cfg</parametername>
</parameternamelist>
<parameterdescription>
<para>: point to the configuration structure</para>
</parameterdescription>
</parameteritem>
</parameterlist>
<simplesect kind="return"><para>void </para>
</simplesect>
</para>
        </detaileddescription>
        <inbodydescription>
        </inbodydescription>
        <location file="/var/tmp/gitlab-runner1/builds/xyH-6YS9/1/repo/btstack-port-cyal/platform/include/cybt_platform_config.h" line="224" column="1"/>
      </memberdef>
      </sectiondef>
    <briefdescription>
    </briefdescription>
    <detaileddescription>
    </detaileddescription>
    <programlisting>
<codeline lineno="1"><highlight class="comment">/*******************************************************************************</highlight></codeline>
<codeline lineno="2"><highlight class="comment">*<sp/>\file<sp/>cybt_platform_config.h</highlight></codeline>
<codeline lineno="3"><highlight class="comment">*</highlight></codeline>
<codeline lineno="4"><highlight class="comment">*<sp/>\brief</highlight></codeline>
<codeline lineno="5"><highlight class="comment">*<sp/>Provides<sp/>interface<sp/>to<sp/>configurate<sp/>platform<sp/>settings,<sp/>including<sp/>HCI,<sp/>sleep<sp/>mode</highlight></codeline>
<codeline lineno="6"><highlight class="comment">*<sp/>and<sp/>OS<sp/>task<sp/>memory<sp/>pool.</highlight></codeline>
<codeline lineno="7"><highlight class="comment">*</highlight></codeline>
<codeline lineno="8"><highlight class="comment">********************************************************************************</highlight></codeline>
<codeline lineno="9"><highlight class="comment">*<sp/>\copyright</highlight></codeline>
<codeline lineno="10"><highlight class="comment">*<sp/>Copyright<sp/>2018-2019<sp/>Cypress<sp/>Semiconductor<sp/>Corporation</highlight></codeline>
<codeline lineno="11"><highlight class="comment">*<sp/>SPDX-License-Identifier:<sp/>Apache-2.0</highlight></codeline>
<codeline lineno="12"><highlight class="comment">*</highlight></codeline>
<codeline lineno="13"><highlight class="comment">*<sp/>Licensed<sp/>under<sp/>the<sp/>Apache<sp/>License,<sp/>Version<sp/>2.0<sp/>(the<sp/>&quot;License&quot;);</highlight></codeline>
<codeline lineno="14"><highlight class="comment">*<sp/>you<sp/>may<sp/>not<sp/>use<sp/>this<sp/>file<sp/>except<sp/>in<sp/>compliance<sp/>with<sp/>the<sp/>License.</highlight></codeline>
<codeline lineno="15"><highlight class="comment">*<sp/>You<sp/>may<sp/>obtain<sp/>a<sp/>copy<sp/>of<sp/>the<sp/>License<sp/>at</highlight></codeline>
<codeline lineno="16"><highlight class="comment">*</highlight></codeline>
<codeline lineno="17"><highlight class="comment">*<sp/><sp/><sp/><sp/><sp/>http://www.apache.org/licenses/LICENSE-2.0</highlight></codeline>
<codeline lineno="18"><highlight class="comment">*</highlight></codeline>
<codeline lineno="19"><highlight class="comment">*<sp/>Unless<sp/>required<sp/>by<sp/>applicable<sp/>law<sp/>or<sp/>agreed<sp/>to<sp/>in<sp/>writing,<sp/>software</highlight></codeline>
<codeline lineno="20"><highlight class="comment">*<sp/>distributed<sp/>under<sp/>the<sp/>License<sp/>is<sp/>distributed<sp/>on<sp/>an<sp/>&quot;AS<sp/>IS&quot;<sp/>BASIS,</highlight></codeline>
<codeline lineno="21"><highlight class="comment">*<sp/>WITHOUT<sp/>WARRANTIES<sp/>OR<sp/>CONDITIONS<sp/>OF<sp/>ANY<sp/>KIND,<sp/>either<sp/>express<sp/>or<sp/>implied.</highlight></codeline>
<codeline lineno="22"><highlight class="comment">*<sp/>See<sp/>the<sp/>License<sp/>for<sp/>the<sp/>specific<sp/>language<sp/>governing<sp/>permissions<sp/>and</highlight></codeline>
<codeline lineno="23"><highlight class="comment">*<sp/>limitations<sp/>under<sp/>the<sp/>License.</highlight></codeline>
<codeline lineno="24"><highlight class="comment">*******************************************************************************/</highlight><highlight class="normal"></highlight></codeline>
<codeline lineno="25"><highlight class="normal"></highlight></codeline>
<codeline lineno="26"><highlight class="normal"></highlight><highlight class="preprocessor">#ifndef<sp/>CYBT_PLATFORM_CONFIG_H</highlight><highlight class="normal"></highlight></codeline>
<codeline lineno="27"><highlight class="normal"></highlight><highlight class="preprocessor">#define<sp/>CYBT_PLATFORM_CONFIG_H</highlight><highlight class="normal"></highlight></codeline>
<codeline lineno="28"><highlight class="normal"></highlight></codeline>
<codeline lineno="29"><highlight class="normal"></highlight><highlight class="preprocessor">#include<sp/>&lt;stdint.h&gt;</highlight><highlight class="normal"></highlight></codeline>
<codeline lineno="30"><highlight class="normal"></highlight><highlight class="preprocessor">#include<sp/>&lt;stdbool.h&gt;</highlight><highlight class="normal"></highlight></codeline>
<codeline lineno="31"><highlight class="normal"></highlight><highlight class="preprocessor">#include<sp/>&quot;cyhal_gpio.h&quot;</highlight><highlight class="normal"></highlight></codeline>
<codeline lineno="32"><highlight class="normal"></highlight><highlight class="preprocessor">#include<sp/>&quot;cyhal_uart.h&quot;</highlight><highlight class="normal"></highlight></codeline>
<codeline lineno="33"><highlight class="normal"></highlight></codeline>
<codeline lineno="44"><highlight class="comment">/******************************************************************************</highlight></codeline>
<codeline lineno="45"><highlight class="comment"><sp/>*<sp/><sp/><sp/><sp/><sp/><sp/><sp/><sp/><sp/><sp/><sp/><sp/><sp/><sp/><sp/><sp/><sp/><sp/><sp/><sp/><sp/><sp/><sp/><sp/><sp/><sp/><sp/><sp/><sp/><sp/><sp/><sp/>Constants</highlight></codeline>
<codeline lineno="46"><highlight class="comment"><sp/>******************************************************************************/</highlight><highlight class="normal"></highlight></codeline>
<codeline lineno="47"><highlight class="normal"></highlight><highlight class="preprocessor">#define<sp/>CYBT_SLEEP_MODE_DISABLED<sp/><sp/><sp/><sp/><sp/><sp/>(0)</highlight><highlight class="normal"></highlight></codeline>
<codeline lineno="48"><highlight class="normal"></highlight><highlight class="preprocessor">#define<sp/>CYBT_SLEEP_MODE_ENABLED<sp/><sp/><sp/><sp/><sp/><sp/><sp/>(1)</highlight><highlight class="normal"></highlight></codeline>
<codeline lineno="49"><highlight class="normal"></highlight></codeline>
<codeline lineno="50"><highlight class="normal"></highlight><highlight class="preprocessor">#define<sp/>CYBT_WAKE_ACTIVE_LOW<sp/><sp/><sp/><sp/><sp/><sp/><sp/><sp/><sp/><sp/>(0)</highlight><highlight class="normal"></highlight></codeline>
<codeline lineno="51"><highlight class="normal"></highlight><highlight class="preprocessor">#define<sp/>CYBT_WAKE_ACTIVE_HIGH<sp/><sp/><sp/><sp/><sp/><sp/><sp/><sp/><sp/>(1)</highlight><highlight class="normal"></highlight></codeline>
<codeline lineno="52"><highlight class="normal"></highlight></codeline>
<codeline lineno="53"><highlight class="normal"></highlight><highlight class="comment">/*****************************************************************************</highlight></codeline>
<codeline lineno="54"><highlight class="comment"><sp/>*<sp/><sp/><sp/><sp/><sp/><sp/><sp/><sp/><sp/><sp/><sp/><sp/><sp/><sp/><sp/><sp/><sp/><sp/><sp/><sp/><sp/><sp/><sp/><sp/><sp/><sp/><sp/>Type<sp/>Definitions</highlight></codeline>
<codeline lineno="55"><highlight class="comment"><sp/>*****************************************************************************/</highlight></codeline>
<codeline lineno="59"><highlight class="keyword">typedef</highlight><highlight class="normal"><sp/></highlight><highlight class="keyword">enum</highlight><highlight class="normal"></highlight></codeline>
<codeline lineno="60"><highlight class="normal">{</highlight></codeline>
<codeline lineno="61"><highlight class="normal"><sp/><sp/><sp/><sp/>CYBT_HCI_UNKNOWN<sp/>=<sp/>0x00,</highlight></codeline>
<codeline lineno="62"><highlight class="normal"><sp/><sp/><sp/><sp/>CYBT_HCI_UART<sp/><sp/><sp/><sp/>=<sp/>0x01,</highlight></codeline>
<codeline lineno="63"><highlight class="normal"><sp/><sp/><sp/><sp/>CYBT_HCI_IPC<sp/><sp/><sp/><sp/><sp/>=<sp/>0x02,</highlight></codeline>
<codeline lineno="64"><highlight class="normal">}<sp/><ref refid="group__platform__cfg_1ga5f6850727c86459c4c6c11c84870d308" kindref="member">cybt_hci_transport_t</ref>;</highlight></codeline>
<codeline lineno="65"><highlight class="normal"></highlight></codeline>
<codeline lineno="69"><highlight class="keyword">typedef</highlight><highlight class="normal"><sp/></highlight><highlight class="keyword">enum</highlight><highlight class="normal"></highlight></codeline>
<codeline lineno="70"><highlight class="normal">{</highlight></codeline>
<codeline lineno="71"><highlight class="normal"><sp/><sp/><sp/><sp/>CYBT_NO_EXCEPTION<sp/><sp/><sp/><sp/><sp/><sp/><sp/><sp/><sp/><sp/>=<sp/>0x00,</highlight></codeline>
<codeline lineno="72"><highlight class="normal"><sp/><sp/><sp/><sp/>CYBT_HCI_IPC_REL_BUFFER<sp/><sp/><sp/><sp/>=<sp/>0x01,</highlight></codeline>
<codeline lineno="73"><highlight class="normal"><sp/><sp/><sp/><sp/>CYBT_CONTROLLER_CORE_DUMP<sp/><sp/>=<sp/>0x02,</highlight></codeline>
<codeline lineno="74"><highlight class="normal"><sp/><sp/><sp/><sp/>CYBT_CONTROLLER_RESTARTED<sp/><sp/>=<sp/>0x03,</highlight></codeline>
<codeline lineno="75"><highlight class="normal"><sp/><sp/><sp/><sp/>CYBT_MAX_EXCEPTION<sp/><sp/><sp/><sp/><sp/><sp/><sp/><sp/><sp/>=<sp/>0xFF,</highlight></codeline>
<codeline lineno="76"><highlight class="normal">}<sp/><ref refid="group__platform__cfg_1gab887149c4cb3cd34b2984638c6c1aebb" kindref="member">cybt_exception_t</ref>;</highlight></codeline>
<codeline lineno="77"><highlight class="normal"></highlight></codeline>
<codeline lineno="85" refid="structcybt__hci__uart__config__t" refkind="compound"><highlight class="keyword">typedef</highlight><highlight class="normal"><sp/></highlight><highlight class="keyword">struct</highlight><highlight class="normal"></highlight></codeline>
<codeline lineno="86"><highlight class="normal">{</highlight></codeline>
<codeline lineno="87"><highlight class="normal"><sp/><sp/><sp/><sp/>cyhal_gpio_t<sp/><sp/><sp/><sp/><sp/><sp/><sp/><sp/><sp/>uart_tx_pin;<sp/><sp/></highlight></codeline>
<codeline lineno="88"><highlight class="normal"><sp/><sp/><sp/><sp/>cyhal_gpio_t<sp/><sp/><sp/><sp/><sp/><sp/><sp/><sp/><sp/>uart_rx_pin;<sp/><sp/></highlight></codeline>
<codeline lineno="89"><highlight class="normal"><sp/><sp/><sp/><sp/>cyhal_gpio_t<sp/><sp/><sp/><sp/><sp/><sp/><sp/><sp/><sp/>uart_rts_pin;<sp/><sp/></highlight></codeline>
<codeline lineno="90"><highlight class="normal"><sp/><sp/><sp/><sp/>cyhal_gpio_t<sp/><sp/><sp/><sp/><sp/><sp/><sp/><sp/><sp/>uart_cts_pin;<sp/><sp/></highlight></codeline>
<codeline lineno="92"><highlight class="normal"><sp/><sp/><sp/><sp/>uint32_t<sp/><sp/><sp/><sp/><sp/><sp/><sp/><sp/><sp/><sp/><sp/><sp/><sp/>baud_rate_for_fw_download;<sp/></highlight></codeline>
<codeline lineno="93"><highlight class="normal"><sp/><sp/><sp/><sp/>uint32_t<sp/><sp/><sp/><sp/><sp/><sp/><sp/><sp/><sp/><sp/><sp/><sp/><sp/>baud_rate_for_feature;<sp/></highlight></codeline>
<codeline lineno="95"><highlight class="normal"><sp/><sp/><sp/><sp/>uint32_t<sp/><sp/><sp/><sp/><sp/><sp/><sp/><sp/><sp/><sp/><sp/><sp/><sp/>data_bits;<sp/><sp/></highlight></codeline>
<codeline lineno="96"><highlight class="normal"><sp/><sp/><sp/><sp/>uint32_t<sp/><sp/><sp/><sp/><sp/><sp/><sp/><sp/><sp/><sp/><sp/><sp/><sp/>stop_bits;<sp/><sp/></highlight></codeline>
<codeline lineno="97"><highlight class="normal"><sp/><sp/><sp/><sp/>cyhal_uart_parity_t<sp/><sp/>parity;<sp/><sp/><sp/><sp/><sp/></highlight></codeline>
<codeline lineno="98"><highlight class="normal"><sp/><sp/><sp/><sp/></highlight><highlight class="keywordtype">bool</highlight><highlight class="normal"><sp/><sp/><sp/><sp/><sp/><sp/><sp/><sp/><sp/><sp/><sp/><sp/><sp/><sp/><sp/><sp/><sp/>flow_control;<sp/><sp/></highlight></codeline>
<codeline lineno="99"><highlight class="normal">}<sp/><ref refid="structcybt__hci__uart__config__t" kindref="compound">cybt_hci_uart_config_t</ref>;</highlight></codeline>
<codeline lineno="100"><highlight class="normal"></highlight></codeline>
<codeline lineno="112"><highlight class="keyword">typedef</highlight><highlight class="normal"><sp/>bool<sp/>(*<sp/><ref refid="group__platform__cfg_1ga6a50ab63c021eaee65d2a2ce9ec26833" kindref="member">cybt_exception_callback_t</ref>)(<ref refid="group__platform__cfg_1gab887149c4cb3cd34b2984638c6c1aebb" kindref="member">cybt_exception_t</ref><sp/>error,<sp/>uint8_t<sp/>*info,<sp/>uint32_t<sp/>length);</highlight></codeline>
<codeline lineno="113"><highlight class="normal"></highlight></codeline>
<codeline lineno="120" refid="structcybt__hci__transport__config__t" refkind="compound"><highlight class="keyword">typedef</highlight><highlight class="normal"><sp/></highlight><highlight class="keyword">struct</highlight><highlight class="normal"></highlight></codeline>
<codeline lineno="121"><highlight class="normal">{</highlight></codeline>
<codeline lineno="122"><highlight class="normal"><sp/><sp/><sp/><sp/><ref refid="group__platform__cfg_1ga5f6850727c86459c4c6c11c84870d308" kindref="member">cybt_hci_transport_t</ref><sp/><sp/>hci_transport;<sp/><sp/></highlight></codeline>
<codeline lineno="124"><highlight class="normal"><sp/><sp/><sp/><sp/></highlight><highlight class="keyword">union</highlight><highlight class="normal"></highlight></codeline>
<codeline lineno="125"><highlight class="normal"><sp/><sp/><sp/><sp/>{</highlight></codeline>
<codeline lineno="126"><highlight class="normal"><sp/><sp/><sp/><sp/><sp/><sp/><sp/><sp/><ref refid="structcybt__hci__uart__config__t" kindref="compound">cybt_hci_uart_config_t</ref><sp/><sp/>hci_uart;<sp/></highlight></codeline>
<codeline lineno="127"><highlight class="normal"><sp/><sp/><sp/><sp/>}<sp/>hci;</highlight></codeline>
<codeline lineno="128"><highlight class="normal">}<sp/><ref refid="structcybt__hci__transport__config__t" kindref="compound">cybt_hci_transport_config_t</ref>;</highlight></codeline>
<codeline lineno="129"><highlight class="normal"></highlight></codeline>
<codeline lineno="135" refid="structcybt__controller__sleep__config__t" refkind="compound"><highlight class="keyword">typedef</highlight><highlight class="normal"><sp/></highlight><highlight class="keyword">struct</highlight><highlight class="normal"></highlight></codeline>
<codeline lineno="136"><highlight class="normal">{</highlight></codeline>
<codeline lineno="137"><highlight class="normal"><sp/><sp/><sp/><sp/>uint8_t<sp/><sp/><sp/><sp/><sp/><sp/><sp/><sp/><sp/>sleep_mode_enabled;<sp/><sp/><sp/><sp/></highlight></codeline>
<codeline lineno="149"><highlight class="normal"><sp/><sp/><sp/><sp/>cyhal_gpio_t<sp/><sp/><sp/><sp/>device_wakeup_pin;<sp/><sp/><sp/><sp/><sp/></highlight></codeline>
<codeline lineno="156"><highlight class="normal"><sp/><sp/><sp/><sp/>cyhal_gpio_t<sp/><sp/><sp/><sp/>host_wakeup_pin;<sp/><sp/><sp/><sp/><sp/><sp/><sp/></highlight></codeline>
<codeline lineno="163"><highlight class="normal"><sp/><sp/><sp/><sp/>uint8_t<sp/><sp/><sp/><sp/><sp/><sp/><sp/><sp/><sp/>device_wake_polarity;<sp/><sp/></highlight></codeline>
<codeline lineno="173"><highlight class="normal"><sp/><sp/><sp/><sp/>uint8_t<sp/><sp/><sp/><sp/><sp/><sp/><sp/><sp/><sp/>host_wake_polarity;<sp/><sp/><sp/><sp/></highlight></codeline>
<codeline lineno="183"><highlight class="normal">}<sp/><ref refid="structcybt__controller__sleep__config__t" kindref="compound">cybt_controller_sleep_config_t</ref>;</highlight></codeline>
<codeline lineno="184"><highlight class="normal"></highlight></codeline>
<codeline lineno="188" refid="structcybt__controller__config__t" refkind="compound"><highlight class="keyword">typedef</highlight><highlight class="normal"><sp/></highlight><highlight class="keyword">struct</highlight><highlight class="normal"></highlight></codeline>
<codeline lineno="189"><highlight class="normal">{</highlight></codeline>
<codeline lineno="190"><highlight class="normal"><sp/><sp/><sp/><sp/>cyhal_gpio_t<sp/><sp/><sp/><sp/><sp/><sp/><sp/><sp/><sp/><sp/><sp/><sp/><sp/><sp/><sp/><sp/><sp/><sp/><sp/><sp/>bt_power_pin;<sp/><sp/><sp/><sp/></highlight></codeline>
<codeline lineno="191"><highlight class="normal"><sp/><sp/><sp/><sp/><ref refid="structcybt__controller__sleep__config__t" kindref="compound">cybt_controller_sleep_config_t</ref><sp/><sp/>sleep_mode;<sp/><sp/><sp/><sp/><sp/><sp/></highlight></codeline>
<codeline lineno="192"><highlight class="normal">}<sp/><ref refid="structcybt__controller__config__t" kindref="compound">cybt_controller_config_t</ref>;</highlight></codeline>
<codeline lineno="193"><highlight class="normal"></highlight></codeline>
<codeline lineno="197" refid="structcybt__platform__config__t" refkind="compound"><highlight class="keyword">typedef</highlight><highlight class="normal"><sp/></highlight><highlight class="keyword">struct</highlight><highlight class="normal"></highlight></codeline>
<codeline lineno="198"><highlight class="normal">{</highlight></codeline>
<codeline lineno="199"><highlight class="normal"><sp/><sp/><sp/><sp/><ref refid="structcybt__hci__transport__config__t" kindref="compound">cybt_hci_transport_config_t</ref><sp/><sp/><sp/><sp/>hci_config;<sp/><sp/><sp/><sp/><sp/><sp/><sp/><sp/><sp/></highlight></codeline>
<codeline lineno="200"><highlight class="normal"><sp/><sp/><sp/><sp/><ref refid="structcybt__controller__config__t" kindref="compound">cybt_controller_config_t</ref><sp/><sp/><sp/><sp/><sp/><sp/><sp/>controller_config;<sp/><sp/></highlight></codeline>
<codeline lineno="201"><highlight class="normal"><sp/><sp/><sp/><sp/>uint32_t<sp/><sp/><sp/><sp/><sp/><sp/><sp/><sp/><sp/><sp/><sp/><sp/><sp/><sp/><sp/><sp/><sp/><sp/><sp/><sp/><sp/><sp/><sp/>task_mem_pool_size;<sp/></highlight></codeline>
<codeline lineno="205"><highlight class="normal">}<sp/><ref refid="structcybt__platform__config__t" kindref="compound">cybt_platform_config_t</ref>;</highlight></codeline>
<codeline lineno="206"><highlight class="normal"></highlight></codeline>
<codeline lineno="207"><highlight class="normal"></highlight></codeline>
<codeline lineno="208"><highlight class="normal"></highlight><highlight class="preprocessor">#ifdef<sp/>__cplusplus</highlight><highlight class="normal"></highlight></codeline>
<codeline lineno="209"><highlight class="normal"></highlight><highlight class="keyword">extern</highlight><highlight class="normal"><sp/></highlight><highlight class="stringliteral">&quot;C&quot;</highlight><highlight class="normal"></highlight></codeline>
<codeline lineno="210"><highlight class="normal">{</highlight></codeline>
<codeline lineno="211"><highlight class="normal"></highlight><highlight class="preprocessor">#endif</highlight><highlight class="normal"></highlight></codeline>
<codeline lineno="212"><highlight class="normal"></highlight></codeline>
<codeline lineno="213"><highlight class="normal"></highlight><highlight class="comment">/*****************************************************************************</highlight></codeline>
<codeline lineno="214"><highlight class="comment"><sp/>*<sp/><sp/><sp/><sp/><sp/><sp/><sp/><sp/><sp/><sp/><sp/><sp/><sp/><sp/><sp/><sp/><sp/><sp/><sp/><sp/><sp/><sp/><sp/><sp/><sp/><sp/><sp/>Function<sp/>Declarations</highlight></codeline>
<codeline lineno="215"><highlight class="comment"><sp/>****************************************************************************/</highlight><highlight class="normal"></highlight></codeline>
<codeline lineno="216"><highlight class="normal"></highlight></codeline>
<codeline lineno="224"><highlight class="keywordtype">void</highlight><highlight class="normal"><sp/><ref refid="group__platform__cfg_1ga1ff2a9935b27efb9639974d6ddc1894a" kindref="member">cybt_platform_config_init</ref>(</highlight><highlight class="keyword">const</highlight><highlight class="normal"><sp/><ref refid="structcybt__platform__config__t" kindref="compound">cybt_platform_config_t</ref><sp/>*p_bt_platform_cfg);</highlight></codeline>
<codeline lineno="225"><highlight class="normal"></highlight></codeline>
<codeline lineno="226"><highlight class="normal"></highlight></codeline>
<codeline lineno="227"><highlight class="normal"></highlight><highlight class="preprocessor">#ifdef<sp/>__cplusplus</highlight><highlight class="normal"></highlight></codeline>
<codeline lineno="228"><highlight class="normal">}<sp/></highlight><highlight class="comment">/*<sp/>extern<sp/>&quot;C&quot;<sp/>*/</highlight><highlight class="normal"></highlight></codeline>
<codeline lineno="229"><highlight class="normal"></highlight><highlight class="preprocessor">#endif</highlight><highlight class="normal"></highlight></codeline>
<codeline lineno="230"><highlight class="normal"></highlight></codeline>
<codeline lineno="233"><highlight class="preprocessor">#endif</highlight><highlight class="normal"></highlight></codeline>
<codeline lineno="234"><highlight class="normal"></highlight></codeline>
    </programlisting>
    <location file="/var/tmp/gitlab-runner1/builds/xyH-6YS9/1/repo/btstack-port-cyal/platform/include/cybt_platform_config.h"/>
  </compounddef>
</doxygen>
