<?xml version='1.0' encoding='UTF-8' standalone='no'?>
<doxygen xmlns:xsi="http://www.w3.org/2001/XMLSchema-instance" xsi:noNamespaceSchemaLocation="compound.xsd" version="1.8.15">
  <compounddef id="cybt__platform__util_8h" kind="file" language="C++">
    <compoundname>cybt_platform_util.h</compoundname>
    <includes local="no">stdbool.h</includes>
    <incdepgraph>
      <node id="19">
        <label>stdbool.h</label>
      </node>
      <node id="18">
        <label>cybt_platform_util.h</label>
        <link refid="cybt__platform__util_8h"/>
        <childnode refid="19" relation="include">
        </childnode>
      </node>
    </incdepgraph>
      <sectiondef kind="func">
      <memberdef kind="function" id="cybt__platform__util_8h_1a4bf80996c9c23df64ffae0939d88173f" prot="public" static="no" const="no" explicit="no" inline="no" virt="non-virtual">
        <type>const <ref refid="structcybt__platform__config__t" kindref="compound">cybt_platform_config_t</ref> *</type>
        <definition>const cybt_platform_config_t* cybt_platform_get_config</definition>
        <argsstring>(void)</argsstring>
        <name>cybt_platform_get_config</name>
        <param>
          <type>void</type>
        </param>
        <briefdescription>
<para>Get platform configuration structure. </para>
        </briefdescription>
        <detaileddescription>
<para><simplesect kind="return"><para>the pointer of platform config structure. </para>
</simplesect>
</para>
        </detaileddescription>
        <inbodydescription>
        </inbodydescription>
        <location file="/var/tmp/gitlab-runner1/builds/xyH-6YS9/2/repo/btstack-port-cyal/platform/include/cybt_platform_util.h" line="45" column="1"/>
      </memberdef>
      <memberdef kind="function" id="cybt__platform__util_8h_1a369338eaa157f977a48f8362f9187054" prot="public" static="no" const="no" explicit="no" inline="no" virt="non-virtual">
        <type>bool</type>
        <definition>bool cybt_platform_get_sleep_mode_status</definition>
        <argsstring>(void)</argsstring>
        <name>cybt_platform_get_sleep_mode_status</name>
        <param>
          <type>void</type>
        </param>
        <briefdescription>
<para>Get current status of sleep mode. </para>
        </briefdescription>
        <detaileddescription>
<para><simplesect kind="return"><para>true : bt sleep mode is already enabled false: bt sleep mode is disabled </para>
</simplesect>
</para>
        </detaileddescription>
        <inbodydescription>
        </inbodydescription>
        <location file="/var/tmp/gitlab-runner1/builds/xyH-6YS9/2/repo/btstack-port-cyal/platform/include/cybt_platform_util.h" line="55" column="1"/>
      </memberdef>
      </sectiondef>
    <briefdescription>
    </briefdescription>
    <detaileddescription>
    </detaileddescription>
    <programlisting>
<codeline lineno="1"><highlight class="comment">/*******************************************************************************</highlight></codeline>
<codeline lineno="2"><highlight class="comment">*<sp/>\file<sp/>cybt_platform_util.h</highlight></codeline>
<codeline lineno="3"><highlight class="comment">*</highlight></codeline>
<codeline lineno="4"><highlight class="comment">*<sp/>\brief</highlight></codeline>
<codeline lineno="5"><highlight class="comment">*<sp/>Define<sp/>utility<sp/>API(s),<sp/>which<sp/>are<sp/>to<sp/>be<sp/>used<sp/>by<sp/>all<sp/>bt<sp/>platform<sp/>files.</highlight></codeline>
<codeline lineno="6"><highlight class="comment">*</highlight></codeline>
<codeline lineno="7"><highlight class="comment">********************************************************************************</highlight></codeline>
<codeline lineno="8"><highlight class="comment">*<sp/>\copyright</highlight></codeline>
<codeline lineno="9"><highlight class="comment">*<sp/>Copyright<sp/>2018-2019<sp/>Cypress<sp/>Semiconductor<sp/>Corporation</highlight></codeline>
<codeline lineno="10"><highlight class="comment">*<sp/>SPDX-License-Identifier:<sp/>Apache-2.0</highlight></codeline>
<codeline lineno="11"><highlight class="comment">*</highlight></codeline>
<codeline lineno="12"><highlight class="comment">*<sp/>Licensed<sp/>under<sp/>the<sp/>Apache<sp/>License,<sp/>Version<sp/>2.0<sp/>(the<sp/>&quot;License&quot;);</highlight></codeline>
<codeline lineno="13"><highlight class="comment">*<sp/>you<sp/>may<sp/>not<sp/>use<sp/>this<sp/>file<sp/>except<sp/>in<sp/>compliance<sp/>with<sp/>the<sp/>License.</highlight></codeline>
<codeline lineno="14"><highlight class="comment">*<sp/>You<sp/>may<sp/>obtain<sp/>a<sp/>copy<sp/>of<sp/>the<sp/>License<sp/>at</highlight></codeline>
<codeline lineno="15"><highlight class="comment">*</highlight></codeline>
<codeline lineno="16"><highlight class="comment">*<sp/><sp/><sp/><sp/><sp/>http://www.apache.org/licenses/LICENSE-2.0</highlight></codeline>
<codeline lineno="17"><highlight class="comment">*</highlight></codeline>
<codeline lineno="18"><highlight class="comment">*<sp/>Unless<sp/>required<sp/>by<sp/>applicable<sp/>law<sp/>or<sp/>agreed<sp/>to<sp/>in<sp/>writing,<sp/>software</highlight></codeline>
<codeline lineno="19"><highlight class="comment">*<sp/>distributed<sp/>under<sp/>the<sp/>License<sp/>is<sp/>distributed<sp/>on<sp/>an<sp/>&quot;AS<sp/>IS&quot;<sp/>BASIS,</highlight></codeline>
<codeline lineno="20"><highlight class="comment">*<sp/>WITHOUT<sp/>WARRANTIES<sp/>OR<sp/>CONDITIONS<sp/>OF<sp/>ANY<sp/>KIND,<sp/>either<sp/>express<sp/>or<sp/>implied.</highlight></codeline>
<codeline lineno="21"><highlight class="comment">*<sp/>See<sp/>the<sp/>License<sp/>for<sp/>the<sp/>specific<sp/>language<sp/>governing<sp/>permissions<sp/>and</highlight></codeline>
<codeline lineno="22"><highlight class="comment">*<sp/>limitations<sp/>under<sp/>the<sp/>License.</highlight></codeline>
<codeline lineno="23"><highlight class="comment">*******************************************************************************/</highlight><highlight class="normal"></highlight></codeline>
<codeline lineno="24"><highlight class="normal"></highlight></codeline>
<codeline lineno="25"><highlight class="normal"></highlight><highlight class="preprocessor">#ifndef<sp/>CYBT_PLATFORM_UTIL_H</highlight><highlight class="normal"></highlight></codeline>
<codeline lineno="26"><highlight class="normal"></highlight><highlight class="preprocessor">#define<sp/>CYBT_PLATFORM_UTIL_H</highlight><highlight class="normal"></highlight></codeline>
<codeline lineno="27"><highlight class="normal"></highlight></codeline>
<codeline lineno="28"><highlight class="normal"></highlight><highlight class="preprocessor">#include<sp/>&lt;stdbool.h&gt;</highlight><highlight class="normal"></highlight></codeline>
<codeline lineno="29"><highlight class="normal"></highlight></codeline>
<codeline lineno="30"><highlight class="normal"></highlight><highlight class="preprocessor">#ifdef<sp/>__cplusplus</highlight><highlight class="normal"></highlight></codeline>
<codeline lineno="31"><highlight class="normal"></highlight><highlight class="keyword">extern</highlight><highlight class="normal"><sp/></highlight><highlight class="stringliteral">&quot;C&quot;</highlight><highlight class="normal"></highlight></codeline>
<codeline lineno="32"><highlight class="normal">{</highlight></codeline>
<codeline lineno="33"><highlight class="normal"></highlight><highlight class="preprocessor">#endif</highlight><highlight class="normal"></highlight></codeline>
<codeline lineno="34"><highlight class="normal"></highlight></codeline>
<codeline lineno="35"><highlight class="normal"></highlight><highlight class="comment">/*****************************************************************************</highlight></codeline>
<codeline lineno="36"><highlight class="comment"><sp/>*<sp/><sp/><sp/><sp/><sp/><sp/><sp/><sp/><sp/><sp/><sp/><sp/><sp/><sp/><sp/><sp/><sp/><sp/><sp/><sp/><sp/><sp/><sp/><sp/><sp/><sp/><sp/>Function<sp/>Declarations</highlight></codeline>
<codeline lineno="37"><highlight class="comment"><sp/>****************************************************************************/</highlight><highlight class="normal"></highlight></codeline>
<codeline lineno="38"><highlight class="normal"></highlight></codeline>
<codeline lineno="45"><highlight class="keyword">const</highlight><highlight class="normal"><sp/><ref refid="structcybt__platform__config__t" kindref="compound">cybt_platform_config_t</ref>*<sp/>cybt_platform_get_config(</highlight><highlight class="keywordtype">void</highlight><highlight class="normal">);</highlight></codeline>
<codeline lineno="46"><highlight class="normal"></highlight></codeline>
<codeline lineno="47"><highlight class="normal"></highlight></codeline>
<codeline lineno="55"><highlight class="keywordtype">bool</highlight><highlight class="normal"><sp/>cybt_platform_get_sleep_mode_status(</highlight><highlight class="keywordtype">void</highlight><highlight class="normal">);</highlight></codeline>
<codeline lineno="56"><highlight class="normal"></highlight></codeline>
<codeline lineno="57"><highlight class="normal"></highlight></codeline>
<codeline lineno="58"><highlight class="normal"></highlight><highlight class="preprocessor">#ifdef<sp/>__cplusplus</highlight><highlight class="normal"></highlight></codeline>
<codeline lineno="59"><highlight class="normal">}<sp/></highlight><highlight class="comment">/*<sp/>extern<sp/>&quot;C&quot;<sp/>*/</highlight><highlight class="normal"></highlight></codeline>
<codeline lineno="60"><highlight class="normal"></highlight><highlight class="preprocessor">#endif</highlight><highlight class="normal"></highlight></codeline>
<codeline lineno="61"><highlight class="normal"></highlight></codeline>
<codeline lineno="62"><highlight class="normal"></highlight><highlight class="preprocessor">#endif</highlight><highlight class="normal"></highlight></codeline>
<codeline lineno="63"><highlight class="normal"></highlight></codeline>
    </programlisting>
    <location file="/var/tmp/gitlab-runner1/builds/xyH-6YS9/2/repo/btstack-port-cyal/platform/include/cybt_platform_util.h"/>
  </compounddef>
</doxygen>
