<?xml version='1.0' encoding='UTF-8' standalone='no'?>
<doxygen xmlns:xsi="http://www.w3.org/2001/XMLSchema-instance" xsi:noNamespaceSchemaLocation="compound.xsd" version="1.8.15">
  <compounddef id="cybt__result_8h" kind="file" language="C++">
    <compoundname>cybt_result.h</compoundname>
    <includedby refid="cybt__debug__uart_8h" local="yes">cybt_debug_uart.h</includedby>
    <includedby refid="cybt__platform__interface_8h" local="yes">cybt_platform_interface.h</includedby>
      <sectiondef kind="enum">
      <memberdef kind="enum" id="cybt__result_8h_1acbed65803741994c7aafa1ee3a93952d" prot="public" static="no" strong="no">
        <type></type>
        <name>cybt_result_t</name>
        <enumvalue id="cybt__result_8h_1acbed65803741994c7aafa1ee3a93952daadfc177a0f1068593f19b08bb681be14" prot="public">
          <name>CYBT_SUCCESS</name>
          <initializer>= 0</initializer>
          <briefdescription>
          </briefdescription>
          <detaileddescription>
          </detaileddescription>
        </enumvalue>
        <enumvalue id="cybt__result_8h_1acbed65803741994c7aafa1ee3a93952daf1e7786d8e1da4a9c2861845b6dd79ab" prot="public">
          <name>CYBT_ERR_BADARG</name>
          <initializer>= 0xB1</initializer>
          <briefdescription>
          </briefdescription>
          <detaileddescription>
          </detaileddescription>
        </enumvalue>
        <enumvalue id="cybt__result_8h_1acbed65803741994c7aafa1ee3a93952da0a5c14deca411d4dca73976270c50611" prot="public">
          <name>CYBT_ERR_OUT_OF_MEMORY</name>
          <briefdescription>
          </briefdescription>
          <detaileddescription>
          </detaileddescription>
        </enumvalue>
        <enumvalue id="cybt__result_8h_1acbed65803741994c7aafa1ee3a93952dab3c93fc5e82055c25f8edad319d10818" prot="public">
          <name>CYBT_ERR_TIMEOUT</name>
          <briefdescription>
          </briefdescription>
          <detaileddescription>
          </detaileddescription>
        </enumvalue>
        <enumvalue id="cybt__result_8h_1acbed65803741994c7aafa1ee3a93952da217a15949e1deb2aac9048332b29a4fe" prot="public">
          <name>CYBT_ERR_HCI_INIT_FAILED</name>
          <briefdescription>
          </briefdescription>
          <detaileddescription>
          </detaileddescription>
        </enumvalue>
        <enumvalue id="cybt__result_8h_1acbed65803741994c7aafa1ee3a93952da5dc2295f01039209cfc6d154d0dc463f" prot="public">
          <name>CYBT_ERR_HCI_UNSUPPORTED_IF</name>
          <briefdescription>
          </briefdescription>
          <detaileddescription>
          </detaileddescription>
        </enumvalue>
        <enumvalue id="cybt__result_8h_1acbed65803741994c7aafa1ee3a93952daf73743841cd0c4f78d4f3064b300a207" prot="public">
          <name>CYBT_ERR_HCI_UNSUPPORTED_BAUDRATE</name>
          <briefdescription>
          </briefdescription>
          <detaileddescription>
          </detaileddescription>
        </enumvalue>
        <enumvalue id="cybt__result_8h_1acbed65803741994c7aafa1ee3a93952da8a8e626832f2988d0774bfab95b9db04" prot="public">
          <name>CYBT_ERR_HCI_NOT_INITIALIZE</name>
          <briefdescription>
          </briefdescription>
          <detaileddescription>
          </detaileddescription>
        </enumvalue>
        <enumvalue id="cybt__result_8h_1acbed65803741994c7aafa1ee3a93952da7f96b7c43a6f5d8b99284d89a866fd4b" prot="public">
          <name>CYBT_ERR_HCI_WRITE_FAILED</name>
          <briefdescription>
          </briefdescription>
          <detaileddescription>
          </detaileddescription>
        </enumvalue>
        <enumvalue id="cybt__result_8h_1acbed65803741994c7aafa1ee3a93952da78c26b15c9a115beadab36bb523e2e4a" prot="public">
          <name>CYBT_ERR_HCI_READ_FAILED</name>
          <briefdescription>
          </briefdescription>
          <detaileddescription>
          </detaileddescription>
        </enumvalue>
        <enumvalue id="cybt__result_8h_1acbed65803741994c7aafa1ee3a93952da0c30b6dac99e112c411991281368f431" prot="public">
          <name>CYBT_ERR_HCI_GET_TX_MUTEX_FAILED</name>
          <briefdescription>
          </briefdescription>
          <detaileddescription>
          </detaileddescription>
        </enumvalue>
        <enumvalue id="cybt__result_8h_1acbed65803741994c7aafa1ee3a93952dae700ab1142f43f8dd7c3dc06bbfaefce" prot="public">
          <name>CYBT_ERR_HCI_GET_RX_MUTEX_FAILED</name>
          <briefdescription>
          </briefdescription>
          <detaileddescription>
          </detaileddescription>
        </enumvalue>
        <enumvalue id="cybt__result_8h_1acbed65803741994c7aafa1ee3a93952da69ff2a4bc4bee85bb2d138bf014585ff" prot="public">
          <name>CYBT_ERR_HCI_SET_BAUDRATE_FAILED</name>
          <briefdescription>
          </briefdescription>
          <detaileddescription>
          </detaileddescription>
        </enumvalue>
        <enumvalue id="cybt__result_8h_1acbed65803741994c7aafa1ee3a93952da335dbc6c54cf3cbd5b5abaeb2aada3fa" prot="public">
          <name>CYBT_ERR_HCI_SET_FLOW_CTRL_FAILED</name>
          <briefdescription>
          </briefdescription>
          <detaileddescription>
          </detaileddescription>
        </enumvalue>
        <enumvalue id="cybt__result_8h_1acbed65803741994c7aafa1ee3a93952da2c35d8b9ea5b6bb2364e80acbee177b4" prot="public">
          <name>CYBT_ERR_INIT_MEMPOOL_FAILED</name>
          <briefdescription>
          </briefdescription>
          <detaileddescription>
          </detaileddescription>
        </enumvalue>
        <enumvalue id="cybt__result_8h_1acbed65803741994c7aafa1ee3a93952daf9229ce8fbfeaccacda1765dd465f18d" prot="public">
          <name>CYBT_ERR_INIT_QUEUE_FAILED</name>
          <briefdescription>
          </briefdescription>
          <detaileddescription>
          </detaileddescription>
        </enumvalue>
        <enumvalue id="cybt__result_8h_1acbed65803741994c7aafa1ee3a93952da055b74acd154a1a520885452e9494d53" prot="public">
          <name>CYBT_ERR_CREATE_TASK_FAILED</name>
          <briefdescription>
          </briefdescription>
          <detaileddescription>
          </detaileddescription>
        </enumvalue>
        <enumvalue id="cybt__result_8h_1acbed65803741994c7aafa1ee3a93952daf6beee9e145d3e2019605986ee124e81" prot="public">
          <name>CYBT_ERR_SEND_QUEUE_FAILED</name>
          <briefdescription>
          </briefdescription>
          <detaileddescription>
          </detaileddescription>
        </enumvalue>
        <enumvalue id="cybt__result_8h_1acbed65803741994c7aafa1ee3a93952dac7d162259070513a919d4517a454afd7" prot="public">
          <name>CYBT_ERR_MEMPOOL_NOT_INITIALIZE</name>
          <briefdescription>
          </briefdescription>
          <detaileddescription>
          </detaileddescription>
        </enumvalue>
        <enumvalue id="cybt__result_8h_1acbed65803741994c7aafa1ee3a93952da8eb4f6865529fd30a98e104494c67092" prot="public">
          <name>CYBT_ERR_QUEUE_ALMOST_FULL</name>
          <briefdescription>
          </briefdescription>
          <detaileddescription>
          </detaileddescription>
        </enumvalue>
        <enumvalue id="cybt__result_8h_1acbed65803741994c7aafa1ee3a93952da4aeb8543182df01978d0b2cf009b043f" prot="public">
          <name>CYBT_ERR_QUEUE_FULL</name>
          <briefdescription>
          </briefdescription>
          <detaileddescription>
          </detaileddescription>
        </enumvalue>
        <enumvalue id="cybt__result_8h_1acbed65803741994c7aafa1ee3a93952da5c62b1012b5c798d3df8e810630a758b" prot="public">
          <name>CYBT_ERR_GPIO_POWER_INIT_FAILED</name>
          <briefdescription>
          </briefdescription>
          <detaileddescription>
          </detaileddescription>
        </enumvalue>
        <enumvalue id="cybt__result_8h_1acbed65803741994c7aafa1ee3a93952da38865ec95224dce0e7f5537ddd351b5f" prot="public">
          <name>CYBT_ERR_GPIO_DEV_WAKE_INIT_FAILED</name>
          <briefdescription>
          </briefdescription>
          <detaileddescription>
          </detaileddescription>
        </enumvalue>
        <enumvalue id="cybt__result_8h_1acbed65803741994c7aafa1ee3a93952da573feaa6c67eb8b99cf2c4f7dbe9abc1" prot="public">
          <name>CYBT_ERR_GPIO_HOST_WAKE_INIT_FAILED</name>
          <briefdescription>
          </briefdescription>
          <detaileddescription>
          </detaileddescription>
        </enumvalue>
        <enumvalue id="cybt__result_8h_1acbed65803741994c7aafa1ee3a93952da93d0815593c928b1e6d22610c9065bfb" prot="public">
          <name>CYBT_ERR_GENERIC</name>
          <briefdescription>
          </briefdescription>
          <detaileddescription>
          </detaileddescription>
        </enumvalue>
        <enumvalue id="cybt__result_8h_1acbed65803741994c7aafa1ee3a93952daa16988c0189d27b47a9d73d08e66a88d" prot="public">
          <name>CYBT_ERR_HCI_IPC_INIT_FAILED</name>
          <briefdescription>
          </briefdescription>
          <detaileddescription>
          </detaileddescription>
        </enumvalue>
        <enumvalue id="cybt__result_8h_1acbed65803741994c7aafa1ee3a93952da9b6cf3bd79786b1773a3dd5bb265298b" prot="public">
          <name>CYBT_ERR_HCI_IPC_DEINIT_FAILED</name>
          <briefdescription>
          </briefdescription>
          <detaileddescription>
          </detaileddescription>
        </enumvalue>
        <enumvalue id="cybt__result_8h_1acbed65803741994c7aafa1ee3a93952dac064e3fdfec2a85d07d6f51fa6baefd9" prot="public">
          <name>CYBT_ERR_HCI_IPC_GET_PTI_FAILED</name>
          <briefdescription>
          </briefdescription>
          <detaileddescription>
          </detaileddescription>
        </enumvalue>
        <enumvalue id="cybt__result_8h_1acbed65803741994c7aafa1ee3a93952da96b4f12882ac53f9bc9223153bc3c8f9" prot="public">
          <name>CYBT_ERR_HCI_IPC_REL_BUFFER_FAILED</name>
          <briefdescription>
          </briefdescription>
          <detaileddescription>
          </detaileddescription>
        </enumvalue>
        <enumvalue id="cybt__result_8h_1acbed65803741994c7aafa1ee3a93952daef92358299ba8b9355a4e211b210af20" prot="public">
          <name>CYBT_ERR_HCI_IPC_REL_CHNL_FAILED</name>
          <briefdescription>
          </briefdescription>
          <detaileddescription>
          </detaileddescription>
        </enumvalue>
        <enumvalue id="cybt__result_8h_1acbed65803741994c7aafa1ee3a93952dab0448872188f38473d8019d7d1a2b489" prot="public">
          <name>CYBT_ERR_HCI_IPC_GET_FIFO_FAILED</name>
          <briefdescription>
          </briefdescription>
          <detaileddescription>
          </detaileddescription>
        </enumvalue>
        <enumvalue id="cybt__result_8h_1acbed65803741994c7aafa1ee3a93952da9e995d19919ca570dc4fe76c57f34e3a" prot="public">
          <name>CYBT_ERR_INIT_EVENT_FAILED</name>
          <briefdescription>
          </briefdescription>
          <detaileddescription>
          </detaileddescription>
        </enumvalue>
        <briefdescription>
<para>BT result code. </para>
        </briefdescription>
        <detaileddescription>
        </detaileddescription>
        <inbodydescription>
        </inbodydescription>
        <location file="/var/tmp/gitlab-runner1/builds/xyH-6YS9/1/repo/btstack-port-cyal/platform/include/cybt_result.h" line="34" column="1" bodyfile="/var/tmp/gitlab-runner1/builds/xyH-6YS9/1/repo/btstack-port-cyal/platform/include/cybt_result.h" bodystart="33" bodyend="67"/>
      </memberdef>
      </sectiondef>
    <briefdescription>
    </briefdescription>
    <detaileddescription>
    </detaileddescription>
    <programlisting>
<codeline lineno="1"><highlight class="comment">/*******************************************************************************</highlight></codeline>
<codeline lineno="2"><highlight class="comment">*<sp/>\file<sp/>cybt_result.h</highlight></codeline>
<codeline lineno="3"><highlight class="comment">*</highlight></codeline>
<codeline lineno="4"><highlight class="comment">*<sp/>\brief</highlight></codeline>
<codeline lineno="5"><highlight class="comment">*<sp/>Defines<sp/>BT<sp/>basic<sp/>function<sp/>result.<sp/>Based<sp/>on<sp/>this<sp/>information<sp/>it&apos;s<sp/>easy<sp/>to<sp/>know</highlight></codeline>
<codeline lineno="6"><highlight class="comment">*<sp/>whether<sp/>the<sp/>result<sp/>is<sp/>succeed<sp/>or<sp/>error<sp/>with<sp/>detail<sp/>description.</highlight></codeline>
<codeline lineno="7"><highlight class="comment">*</highlight></codeline>
<codeline lineno="8"><highlight class="comment">********************************************************************************</highlight></codeline>
<codeline lineno="9"><highlight class="comment">*<sp/>\copyright</highlight></codeline>
<codeline lineno="10"><highlight class="comment">*<sp/>Copyright<sp/>2018-2019<sp/>Cypress<sp/>Semiconductor<sp/>Corporation</highlight></codeline>
<codeline lineno="11"><highlight class="comment">*<sp/>SPDX-License-Identifier:<sp/>Apache-2.0</highlight></codeline>
<codeline lineno="12"><highlight class="comment">*</highlight></codeline>
<codeline lineno="13"><highlight class="comment">*<sp/>Licensed<sp/>under<sp/>the<sp/>Apache<sp/>License,<sp/>Version<sp/>2.0<sp/>(the<sp/>&quot;License&quot;);</highlight></codeline>
<codeline lineno="14"><highlight class="comment">*<sp/>you<sp/>may<sp/>not<sp/>use<sp/>this<sp/>file<sp/>except<sp/>in<sp/>compliance<sp/>with<sp/>the<sp/>License.</highlight></codeline>
<codeline lineno="15"><highlight class="comment">*<sp/>You<sp/>may<sp/>obtain<sp/>a<sp/>copy<sp/>of<sp/>the<sp/>License<sp/>at</highlight></codeline>
<codeline lineno="16"><highlight class="comment">*</highlight></codeline>
<codeline lineno="17"><highlight class="comment">*<sp/><sp/><sp/><sp/><sp/>http://www.apache.org/licenses/LICENSE-2.0</highlight></codeline>
<codeline lineno="18"><highlight class="comment">*</highlight></codeline>
<codeline lineno="19"><highlight class="comment">*<sp/>Unless<sp/>required<sp/>by<sp/>applicable<sp/>law<sp/>or<sp/>agreed<sp/>to<sp/>in<sp/>writing,<sp/>software</highlight></codeline>
<codeline lineno="20"><highlight class="comment">*<sp/>distributed<sp/>under<sp/>the<sp/>License<sp/>is<sp/>distributed<sp/>on<sp/>an<sp/>&quot;AS<sp/>IS&quot;<sp/>BASIS,</highlight></codeline>
<codeline lineno="21"><highlight class="comment">*<sp/>WITHOUT<sp/>WARRANTIES<sp/>OR<sp/>CONDITIONS<sp/>OF<sp/>ANY<sp/>KIND,<sp/>either<sp/>express<sp/>or<sp/>implied.</highlight></codeline>
<codeline lineno="22"><highlight class="comment">*<sp/>See<sp/>the<sp/>License<sp/>for<sp/>the<sp/>specific<sp/>language<sp/>governing<sp/>permissions<sp/>and</highlight></codeline>
<codeline lineno="23"><highlight class="comment">*<sp/>limitations<sp/>under<sp/>the<sp/>License.</highlight></codeline>
<codeline lineno="24"><highlight class="comment">*******************************************************************************/</highlight><highlight class="normal"></highlight></codeline>
<codeline lineno="25"><highlight class="normal"></highlight></codeline>
<codeline lineno="26"><highlight class="normal"></highlight><highlight class="preprocessor">#ifndef<sp/>CYBT_RESULT_H</highlight><highlight class="normal"></highlight></codeline>
<codeline lineno="27"><highlight class="normal"></highlight><highlight class="preprocessor">#define<sp/>CYBT_RESULT_H</highlight><highlight class="normal"></highlight></codeline>
<codeline lineno="28"><highlight class="normal"></highlight></codeline>
<codeline lineno="29"><highlight class="normal"></highlight><highlight class="comment">/*****************************************************************************</highlight></codeline>
<codeline lineno="30"><highlight class="comment"><sp/>*<sp/><sp/><sp/><sp/><sp/><sp/><sp/><sp/><sp/><sp/><sp/><sp/><sp/><sp/><sp/><sp/><sp/><sp/><sp/><sp/><sp/><sp/><sp/><sp/><sp/><sp/><sp/>Type<sp/>Definitions</highlight></codeline>
<codeline lineno="31"><highlight class="comment"><sp/>****************************************************************************/</highlight></codeline>
<codeline lineno="33"><highlight class="keyword">typedef</highlight><highlight class="normal"><sp/></highlight><highlight class="keyword">enum</highlight><highlight class="normal"></highlight></codeline>
<codeline lineno="34"><highlight class="normal">{</highlight></codeline>
<codeline lineno="35"><highlight class="normal"><sp/><sp/><sp/><sp/>CYBT_SUCCESS<sp/>=<sp/>0,</highlight></codeline>
<codeline lineno="36"><highlight class="normal"><sp/><sp/><sp/><sp/>CYBT_ERR_BADARG<sp/>=<sp/>0xB1,</highlight></codeline>
<codeline lineno="37"><highlight class="normal"><sp/><sp/><sp/><sp/>CYBT_ERR_OUT_OF_MEMORY,</highlight></codeline>
<codeline lineno="38"><highlight class="normal"><sp/><sp/><sp/><sp/>CYBT_ERR_TIMEOUT,</highlight></codeline>
<codeline lineno="39"><highlight class="normal"><sp/><sp/><sp/><sp/>CYBT_ERR_HCI_INIT_FAILED,</highlight></codeline>
<codeline lineno="40"><highlight class="normal"><sp/><sp/><sp/><sp/>CYBT_ERR_HCI_UNSUPPORTED_IF,</highlight></codeline>
<codeline lineno="41"><highlight class="normal"><sp/><sp/><sp/><sp/>CYBT_ERR_HCI_UNSUPPORTED_BAUDRATE,</highlight></codeline>
<codeline lineno="42"><highlight class="normal"><sp/><sp/><sp/><sp/>CYBT_ERR_HCI_NOT_INITIALIZE,</highlight></codeline>
<codeline lineno="43"><highlight class="normal"><sp/><sp/><sp/><sp/>CYBT_ERR_HCI_WRITE_FAILED,</highlight></codeline>
<codeline lineno="44"><highlight class="normal"><sp/><sp/><sp/><sp/>CYBT_ERR_HCI_READ_FAILED,</highlight></codeline>
<codeline lineno="45"><highlight class="normal"><sp/><sp/><sp/><sp/>CYBT_ERR_HCI_GET_TX_MUTEX_FAILED,</highlight></codeline>
<codeline lineno="46"><highlight class="normal"><sp/><sp/><sp/><sp/>CYBT_ERR_HCI_GET_RX_MUTEX_FAILED,</highlight></codeline>
<codeline lineno="47"><highlight class="normal"><sp/><sp/><sp/><sp/>CYBT_ERR_HCI_SET_BAUDRATE_FAILED,</highlight></codeline>
<codeline lineno="48"><highlight class="normal"><sp/><sp/><sp/><sp/>CYBT_ERR_HCI_SET_FLOW_CTRL_FAILED,</highlight></codeline>
<codeline lineno="49"><highlight class="normal"><sp/><sp/><sp/><sp/>CYBT_ERR_INIT_MEMPOOL_FAILED,</highlight></codeline>
<codeline lineno="50"><highlight class="normal"><sp/><sp/><sp/><sp/>CYBT_ERR_INIT_QUEUE_FAILED,</highlight></codeline>
<codeline lineno="51"><highlight class="normal"><sp/><sp/><sp/><sp/>CYBT_ERR_CREATE_TASK_FAILED,</highlight></codeline>
<codeline lineno="52"><highlight class="normal"><sp/><sp/><sp/><sp/>CYBT_ERR_SEND_QUEUE_FAILED,</highlight></codeline>
<codeline lineno="53"><highlight class="normal"><sp/><sp/><sp/><sp/>CYBT_ERR_MEMPOOL_NOT_INITIALIZE,</highlight></codeline>
<codeline lineno="54"><highlight class="normal"><sp/><sp/><sp/><sp/>CYBT_ERR_QUEUE_ALMOST_FULL,</highlight></codeline>
<codeline lineno="55"><highlight class="normal"><sp/><sp/><sp/><sp/>CYBT_ERR_QUEUE_FULL,</highlight></codeline>
<codeline lineno="56"><highlight class="normal"><sp/><sp/><sp/><sp/>CYBT_ERR_GPIO_POWER_INIT_FAILED,</highlight></codeline>
<codeline lineno="57"><highlight class="normal"><sp/><sp/><sp/><sp/>CYBT_ERR_GPIO_DEV_WAKE_INIT_FAILED,</highlight></codeline>
<codeline lineno="58"><highlight class="normal"><sp/><sp/><sp/><sp/>CYBT_ERR_GPIO_HOST_WAKE_INIT_FAILED,</highlight></codeline>
<codeline lineno="59"><highlight class="normal"><sp/><sp/><sp/><sp/>CYBT_ERR_GENERIC,</highlight></codeline>
<codeline lineno="60"><highlight class="normal"><sp/><sp/><sp/><sp/>CYBT_ERR_HCI_IPC_INIT_FAILED,</highlight></codeline>
<codeline lineno="61"><highlight class="normal"><sp/><sp/><sp/><sp/>CYBT_ERR_HCI_IPC_DEINIT_FAILED,</highlight></codeline>
<codeline lineno="62"><highlight class="normal"><sp/><sp/><sp/><sp/>CYBT_ERR_HCI_IPC_GET_PTI_FAILED,</highlight></codeline>
<codeline lineno="63"><highlight class="normal"><sp/><sp/><sp/><sp/>CYBT_ERR_HCI_IPC_REL_BUFFER_FAILED,</highlight></codeline>
<codeline lineno="64"><highlight class="normal"><sp/><sp/><sp/><sp/>CYBT_ERR_HCI_IPC_REL_CHNL_FAILED,</highlight></codeline>
<codeline lineno="65"><highlight class="normal"><sp/><sp/><sp/><sp/>CYBT_ERR_HCI_IPC_GET_FIFO_FAILED,</highlight></codeline>
<codeline lineno="66"><highlight class="normal"><sp/><sp/><sp/><sp/>CYBT_ERR_INIT_EVENT_FAILED</highlight></codeline>
<codeline lineno="67"><highlight class="normal">}<sp/>cybt_result_t;</highlight></codeline>
<codeline lineno="68"><highlight class="normal"></highlight></codeline>
<codeline lineno="69"><highlight class="normal"></highlight><highlight class="preprocessor">#endif</highlight></codeline>
    </programlisting>
    <location file="/var/tmp/gitlab-runner1/builds/xyH-6YS9/1/repo/btstack-port-cyal/platform/include/cybt_result.h"/>
  </compounddef>
</doxygen>
